[Licensing::Module] Trying to connect to existing licensing client channel...
Built from '6000.0/staging' branch; Version is '6000.0.69f1 (5f8607f5118b) revision 6260231'; Using compiler version '193933523'; Build Type 'Release'
[Licensing::IpcConnector] Successfully connected to: "LicenseClient-brend" at "2026-10-06T13:56:15.9346764Z"
OS: 'Windows 10  (10.0.19045) 64bit Professional' Language: 'pt' Physical Memory: 16328 MB
BatchMode: 1, IsHumanControllingUs: 0, StartBugReporterOnCrash: 0, Is64bit: 1
System  architecture: x64
Process architecture: x64
Date: 2026-10-06T13:56:15Z

COMMAND LINE ARGUMENTS:
C:\Program Files\Unity\Hub\Editor\6000.0.69f1\Editor\Unity.exe
-adb2
-batchMode
-noUpm
-name
AssetImportWorker0
-projectPath
D:/Trabalhos Unity/Crowd Simulation
-logFile
Logs/AssetImportWorker0.log
-srvPort
55474
-licensingIpc
LicenseClient-brend
-job-worker-count
5
-background-job-worker-count
8
-gc-helper-count
1
-name
AssetImport
Successfully changed project path to: D:/Trabalhos Unity/Crowd Simulation
D:/Trabalhos Unity/Crowd Simulation
[UnityMemory] Configuration Parameters - Can be set up in boot.config
    "memorysetup-bucket-allocator-granularity=16"
    "memorysetup-bucket-allocator-bucket-count=8"
    "memorysetup-bucket-allocator-block-size=33554432"
    "memorysetup-bucket-allocator-block-count=8"
    "memorysetup-main-allocator-block-size=16777216"
    "memorysetup-thread-allocator-block-size=16777216"
    "memorysetup-gfx-main-allocator-block-size=16777216"
    "memorysetup-gfx-thread-allocator-block-size=16777216"
    "memorysetup-cache-allocator-block-size=4194304"
    "memorysetup-typetree-allocator-block-size=2097152"
    "memorysetup-profiler-bucket-allocator-granularity=16"
    "memorysetup-profiler-bucket-allocator-bucket-count=8"
    "memorysetup-profiler-bucket-allocator-block-size=33554432"
    "memorysetup-profiler-bucket-allocator-block-count=8"
    "memorysetup-profiler-allocator-block-size=16777216"
    "memorysetup-profiler-editor-allocator-block-size=1048576"
    "memorysetup-temp-allocator-size-main=16777216"
    "memorysetup-job-temp-allocator-block-size=2097152"
    "memorysetup-job-temp-allocator-block-size-background=1048576"
    "memorysetup-job-temp-allocator-reduction-small-platforms=262144"
    "memorysetup-allocator-temp-initial-block-size-main=262144"
    "memorysetup-allocator-temp-initial-block-size-worker=262144"
    "memorysetup-temp-allocator-size-background-worker=32768"
    "memorysetup-temp-allocator-size-job-worker=262144"
    "memorysetup-temp-allocator-size-preload-manager=33554432"
    "memorysetup-temp-allocator-size-nav-mesh-worker=65536"
    "memorysetup-temp-allocator-size-audio-worker=65536"
    "memorysetup-temp-allocator-size-cloud-worker=32768"
    "memorysetup-temp-allocator-size-gi-baking-worker=262144"
    "memorysetup-temp-allocator-size-gi-baking-worker=262144"
    "memorysetup-temp-allocator-size-gi-baking-worker=262144"
    "memorysetup-temp-allocator-size-gi-baking-worker=262144"
    "memorysetup-temp-allocator-size-gi-baking-worker=262144"
    "memorysetup-temp-allocator-size-gfx=262144"
Player connection [24884]  Target information:

Player connection [24884]  * "[IP] 192.168.1.75 [Port] 0 [Flags] 2 [Guid] 1386829338 [EditorId] 1386829338 [Version] 1048832 [Id] WindowsEditor(7,DESKTOP-NPTFF2S) [Debug] 1 [PackageName] WindowsEditor [ProjectName] Editor" 

Player connection [24884] Host joined multi-casting on [225.0.0.222:54997]...
Player connection [24884] Host joined alternative multi-casting on [225.0.0.222:34997]...
JobSystem: Creating JobQueue using job-worker-count value 5
[Licensing::Client] Code 10 while verifying Licensing Client signature (process Id: 27124, path: "C:/Program Files/Unity Hub/UnityLicensingClient_V1/Unity.Licensing.Client.exe")
[Licensing::Module] LicensingClient has failed validation; ignoring
Input System module state changed to: Initialized.
[Licensing::Client] Handshaking with LicensingClient:
  Version:                 1.18.3+d7ffd15
  Session Id:              f28064fe9ce743ad9ee5b0be80062244
  Correlation Id:          9a896eaedf710b57e286bc737ab8aa41
  External correlation Id: 2715927231987129381
  Machine Id:              qFlStrGZqR6WFCJgvVtCseEtzhQ=
[Licensing::Module] Successfully connected to LicensingClient on channel: "LicenseClient-brend" (connect: 0.00s, validation: 0.00s, handshake: 0.04s)
[Licensing::IpcConnector] Successfully connected to: "LicenseClient-brend-notifications" at "2026-10-06T13:56:15.9766859Z"
[Licensing::Module] Licensing Background thread has ended after 0.04s
[Physics::Module] Initialized fallback backend.
[Physics::Module] Id: 0xdecafbad
Library Redirect Path: Library/
[Physics::Module] Selected backend.
[Physics::Module] Name: PhysX
[Physics::Module] Id: 0xf2b8ea05
[Physics::Module] SDK Version: 4.1.2
[Physics::Module] Integration Version: 1.0.0
[Physics::Module] Threading Mode: Multi-Threaded
Refreshing native plugins compatible for Editor in 1.23 ms, found 3 plugins.
Preloading 0 native plugins for Editor in 0.00 ms.
Initialize engine version: 6000.0.69f1 (5f8607f5118b)
[Subsystems] Discovering subsystems at path C:/Program Files/Unity/Hub/Editor/6000.0.69f1/Editor/Data/Resources/UnitySubsystems
[Subsystems] Discovering subsystems at path D:/Trabalhos Unity/Crowd Simulation/Assets
GfxDevice: creating device client; kGfxThreadingModeNonThreaded
Direct3D:
    Version:  Direct3D 11.0 [level 11.1]
    Renderer: AMD Radeon RX 6650 XT (ID=0x73ef)
    Vendor:   ATI
    VRAM:     8147 MB
    Driver:   32.0.21045.5002
Initialize mono
Mono path[0] = 'C:/Program Files/Unity/Hub/Editor/6000.0.69f1/Editor/Data/Managed'
Mono path[1] = 'C:/Program Files/Unity/Hub/Editor/6000.0.69f1/Editor/Data/MonoBleedingEdge/lib/mono/unityjit-win32'
Mono config path = 'C:/Program Files/Unity/Hub/Editor/6000.0.69f1/Editor/Data/MonoBleedingEdge/etc'
Using monoOptions --debugger-agent=transport=dt_socket,embedding=1,server=y,suspend=n,address=127.0.0.1:56548
Begin MonoManager ReloadAssembly
Registering precompiled unity dll's ...
Register platform support module: C:/Program Files/Unity/Hub/Editor/6000.0.69f1/Editor/Data/PlaybackEngines/WindowsStandaloneSupport/UnityEditor.WindowsStandalone.Extensions.dll
Registered in 0.004821 seconds.
- Loaded All Assemblies, in  0.502 seconds
Native extension for WindowsStandalone target not found
Package Manager log level set to [2]
[Package Manager] Failed to launch server process. Reason: Unity was launched with the -noUpm command-line argument
[Package Manager] Unable to send message (not connected to server process).
[Package Manager] Cannot connect to Unity Package Manager local server
Mono: successfully reloaded assembly
- Finished resetting the current domain, in  0.368 seconds
Domain Reload Profiling: 866ms
	BeginReloadAssembly (159ms)
		ExecutionOrderSort (0ms)
		DisableScriptedObjects (0ms)
		BackupInstance (0ms)
		ReleaseScriptingObjects (0ms)
		CreateAndSetChildDomain (1ms)
	RebuildCommonClasses (48ms)
	RebuildNativeTypeToScriptingClass (18ms)
	initialDomainReloadingComplete (66ms)
	LoadAllAssembliesAndSetupDomain (207ms)
		LoadAssemblies (156ms)
		RebuildTransferFunctionScriptingTraits (0ms)
		AnalyzeDomain (204ms)
			TypeCache.Refresh (202ms)
				TypeCache.ScanAssembly (184ms)
			BuildScriptInfoCaches (0ms)
			ResolveRequiredComponents (1ms)
	FinalizeReload (368ms)
		ReleaseScriptCaches (0ms)
		RebuildScriptCaches (0ms)
		SetupLoadedEditorAssemblies (325ms)
			LogAssemblyErrors (0ms)
			InitializePlatformSupportModulesInManaged (23ms)
			SetLoadedEditorAssemblies (4ms)
			BeforeProcessingInitializeOnLoad (63ms)
			ProcessInitializeOnLoadAttributes (171ms)
			ProcessInitializeOnLoadMethodAttributes (64ms)
			AfterProcessingInitializeOnLoad (0ms)
			EditorAssembliesLoaded (0ms)
		ExecutionOrderSort2 (0ms)
		AwakeInstancesAfterBackupRestoration (0ms)
========================================================================
Worker process is ready to serve import requests
Import Worker Mode flag is 0x00
Begin MonoManager ReloadAssembly
[Licensing::Client] Successfully resolved entitlement details
[Licensing::Module] License group:
  Id: 6872781657449-UnityPersXXXX
  Product: Unity Personal
  Type: Assigned
  Expiration: Unlimited
- Loaded All Assemblies, in  0.930 seconds
Refreshing native plugins compatible for Editor in 0.81 ms, found 3 plugins.
Missing types referenced from component UniversalRenderPipelineGlobalSettings on game object UniversalRenderPipelineGlobalSettings:
	UnityEngine.Rendering.LightmapSamplingSettings, Unity.RenderPipelines.Core.Runtime (1 object)
	UnityEngine.Rendering.RenderingDebuggerRuntimeResources, Unity.RenderPipelines.Core.Runtime (1 object)
	UnityEngine.Rendering.VrsRenderPipelineRuntimeResources, Unity.RenderPipelines.Core.Runtime (1 object)
Native extension for WindowsStandalone target not found
[Package Manager] Failed to launch server process. Reason: Unity was launched with the -noUpm command-line argument
[Package Manager] Unable to send message (not connected to server process).
[Package Manager] Cannot connect to Unity Package Manager local server
[Package Manager] Failed to launch server process. Reason: Unity was launched with the -noUpm command-line argument
[Package Manager] Unable to send message (not connected to server process).
[Package Manager] Cannot connect to Unity Package Manager local server
Mono: successfully reloaded assembly
- Finished resetting the current domain, in  0.954 seconds
Domain Reload Profiling: 1881ms
	BeginReloadAssembly (216ms)
		ExecutionOrderSort (0ms)
		DisableScriptedObjects (9ms)
		BackupInstance (0ms)
		ReleaseScriptingObjects (0ms)
		CreateAndSetChildDomain (30ms)
	RebuildCommonClasses (51ms)
	RebuildNativeTypeToScriptingClass (18ms)
	initialDomainReloadingComplete (48ms)
	LoadAllAssembliesAndSetupDomain (594ms)
		LoadAssemblies (370ms)
		RebuildTransferFunctionScriptingTraits (0ms)
		AnalyzeDomain (345ms)
			TypeCache.Refresh (232ms)
				TypeCache.ScanAssembly (216ms)
			BuildScriptInfoCaches (95ms)
			ResolveRequiredComponents (14ms)
	FinalizeReload (955ms)
		ReleaseScriptCaches (0ms)
		RebuildScriptCaches (0ms)
		SetupLoadedEditorAssemblies (692ms)
			LogAssemblyErrors (0ms)
			InitializePlatformSupportModulesInManaged (3ms)
			SetLoadedEditorAssemblies (5ms)
			BeforeProcessingInitializeOnLoad (144ms)
			ProcessInitializeOnLoadAttributes (462ms)
			ProcessInitializeOnLoadMethodAttributes (69ms)
			AfterProcessingInitializeOnLoad (9ms)
			EditorAssembliesLoaded (0ms)
		ExecutionOrderSort2 (0ms)
		AwakeInstancesAfterBackupRestoration (7ms)
Launched and connected shader compiler UnityShaderCompiler.exe after 0.02 seconds
Refreshing native plugins compatible for Editor in 0.76 ms, found 3 plugins.
Preloading 0 native plugins for Editor in 0.00 ms.
Unloading 13 Unused Serialized files (Serialized files now loaded: 0)
Unloading 6106 unused Assets / (4.9 MB). Loaded Objects now: 6797.
Memory consumption went from 132.4 MB to 127.5 MB.
Total: 10.699500 ms (FindLiveObjects: 0.909200 ms CreateObjectMapping: 0.488900 ms MarkObjects: 6.084900 ms  DeleteObjects: 3.211900 ms)

========================================================================
Received Import Request.
  Time since last request: 2006.060518 seconds.
  path: Assets/Materials/White.mat
  artifactKey: Guid(47f8481dd8680474aacf6ae68f330dcd) Importer(2089858483,192608db42251d675da83286b1cce702)
Start importing Assets/Materials/White.mat using Guid(47f8481dd8680474aacf6ae68f330dcd) Importer(2089858483,192608db42251d675da83286b1cce702) (ScriptedImporter) -> (artifact id: 'afc879c47466a861e421ed3fc2eab6be') in 0.2752982 seconds
Number of updated asset objects reloaded before import = 0Number of asset objects unloaded after import = 1

========================================================================
Received Import Request.
  Time since last request: 0.000019 seconds.
  path: Assets/Street/Resources/Assets/Materials/BigAdvertising-M_barrelCrop.mat
  artifactKey: Guid(9bb5673817563aa4abbb0cb91f95288a) Importer(2089858483,192608db42251d675da83286b1cce702)
Start importing Assets/Street/Resources/Assets/Materials/BigAdvertising-M_barrelCrop.mat using Guid(9bb5673817563aa4abbb0cb91f95288a) Importer(2089858483,192608db42251d675da83286b1cce702) (ScriptedImporter) -> (artifact id: 'afcabd6c2495fbd083917f4b4d35345a') in 0.1017721 seconds
Number of updated asset objects reloaded before import = 0Number of asset objects unloaded after import = 3

========================================================================
Received Import Request.
  Time since last request: 0.000030 seconds.
  path: Assets/People/Girl_5.fbm/Girl_5_Bottom_Specular.png
  artifactKey: Guid(62e96fb3a0af44c0d9515b88cc80bcf0) Importer(2089858483,192608db42251d675da83286b1cce702)
Start importing Assets/People/Girl_5.fbm/Girl_5_Bottom_Specular.png using Guid(62e96fb3a0af44c0d9515b88cc80bcf0) Importer(2089858483,192608db42251d675da83286b1cce702) (ScriptedImporter) -> (artifact id: '6d3326fffee1c37b7cebc486d72dcb60') in 0.0756385 seconds
Number of updated asset objects reloaded before import = 0Number of asset objects unloaded after import = 1

========================================================================
Received Import Request.
  Time since last request: 0.000016 seconds.
  path: Assets/Street/Resources/Assets/Materials/Busstop-Material3.mat
  artifactKey: Guid(4701b096068a2244d81d3e99b87077c1) Importer(2089858483,192608db42251d675da83286b1cce702)
Start importing Assets/Street/Resources/Assets/Materials/Busstop-Material3.mat using Guid(4701b096068a2244d81d3e99b87077c1) Importer(2089858483,192608db42251d675da83286b1cce702) (ScriptedImporter) -> (artifact id: 'b12d2a06b9845d5ff1403a4aebd2c1ff') in 0.011633 seconds
Number of updated asset objects reloaded before import = 0Number of asset objects unloaded after import = 3

========================================================================
Received Import Request.
  Time since last request: 0.000019 seconds.
  path: Assets/StarterAssets/Mobile/Scripts/CanvasInputs/UICanvasControllerInput.cs
  artifactKey: Guid(4a300d010f57451488aa99000126fbd5) Importer(2089858483,192608db42251d675da83286b1cce702)
Start importing Assets/StarterAssets/Mobile/Scripts/CanvasInputs/UICanvasControllerInput.cs using Guid(4a300d010f57451488aa99000126fbd5) Importer(2089858483,192608db42251d675da83286b1cce702) (ScriptedImporter) -> (artifact id: '15d11c529f5181e4da36509b496a0417') in 0.0203109 seconds
Number of updated asset objects reloaded before import = 0Number of asset objects unloaded after import = 0

========================================================================
Received Import Request.
  Time since last request: 0.000021 seconds.
  path: Assets/Street/Resources/Assets/Materials/ultimosuelo.mat
  artifactKey: Guid(e21b55117a567244498532e1242930c5) Importer(2089858483,192608db42251d675da83286b1cce702)
Start importing Assets/Street/Resources/Assets/Materials/ultimosuelo.mat using Guid(e21b55117a567244498532e1242930c5) Importer(2089858483,192608db42251d675da83286b1cce702) (ScriptedImporter) -> (artifact id: '51ce15a6e5bcead7ca0807776ff78151') in 0.0636896 seconds
Number of updated asset objects reloaded before import = 0Number of asset objects unloaded after import = 3

========================================================================
Received Import Request.
  Time since last request: 0.000021 seconds.
  path: Assets/Street/Resources/Assets/Materials/TejadoAssetBlock01_6.mat
  artifactKey: Guid(7a5c2387a24de904a938dc09149aed39) Importer(2089858483,192608db42251d675da83286b1cce702)
Start importing Assets/Street/Resources/Assets/Materials/TejadoAssetBlock01_6.mat using Guid(7a5c2387a24de904a938dc09149aed39) Importer(2089858483,192608db42251d675da83286b1cce702) (ScriptedImporter) -> (artifact id: '4a38b4b9bec44f6ea82fba44a7537985') in 0.0529388 seconds
Number of updated asset objects reloaded before import = 0Number of asset objects unloaded after import = 3

========================================================================
Received Import Request.
  Time since last request: 0.000023 seconds.
  path: Assets/StarterAssets/Environment/Art/Models/Structure_Mesh.fbx
  artifactKey: Guid(d0a9bfb4b5f28174884e89dd76563ae8) Importer(2089858483,192608db42251d675da83286b1cce702)
Start importing Assets/StarterAssets/Environment/Art/Models/Structure_Mesh.fbx using Guid(d0a9bfb4b5f28174884e89dd76563ae8) Importer(2089858483,192608db42251d675da83286b1cce702) (ScriptedImporter) -> (artifact id: '1dab48cb4adeb1f3092fd41f2118cf8a') in 0.0796494 seconds
Number of updated asset objects reloaded before import = 0Number of asset objects unloaded after import = 8

========================================================================
Received Import Request.
  Time since last request: 0.000022 seconds.
  path: Assets/Street/Resources/Assets/Newspaper00.fbx
  artifactKey: Guid(8f4d3849f79931e4c9c95574cfc011b1) Importer(2089858483,192608db42251d675da83286b1cce702)
Start importing Assets/Street/Resources/Assets/Newspaper00.fbx using Guid(8f4d3849f79931e4c9c95574cfc011b1) Importer(2089858483,192608db42251d675da83286b1cce702) (ScriptedImporter) -> (artifact id: '970d4b2e960e55d9c6b05c8d5f1b0001') in 0.0394809 seconds
Number of updated asset objects reloaded before import = 0Number of asset objects unloaded after import = 10

========================================================================
Received Import Request.
  Time since last request: 0.000025 seconds.
  path: Assets/Street/Resources/Assets/Materials/BigAdvertising-M_signBig.mat
  artifactKey: Guid(45bd514b74bfe514fb0a8d16d73c8d4a) Importer(2089858483,192608db42251d675da83286b1cce702)
Start importing Assets/Street/Resources/Assets/Materials/BigAdvertising-M_signBig.mat using Guid(45bd514b74bfe514fb0a8d16d73c8d4a) Importer(2089858483,192608db42251d675da83286b1cce702) (ScriptedImporter) -> (artifact id: 'b75fa574231906f6654f0545c94e1833') in 0.0654882 seconds
Number of updated asset objects reloaded before import = 0Number of asset objects unloaded after import = 3

========================================================================
Received Import Request.
  Time since last request: 0.000019 seconds.
  path: Assets/People/Male_2.fbm/Male_2_Hair_Specular.png
  artifactKey: Guid(ccc82caed75cc414fb0ffbf440f73038) Importer(2089858483,192608db42251d675da83286b1cce702)
Start importing Assets/People/Male_2.fbm/Male_2_Hair_Specular.png using Guid(ccc82caed75cc414fb0ffbf440f73038) Importer(2089858483,192608db42251d675da83286b1cce702) (ScriptedImporter) -> (artifact id: '2d75be1e59746ac437b6b84768ca88ca') in 0.0360565 seconds
Number of updated asset objects reloaded before import = 0Number of asset objects unloaded after import = 1

========================================================================
Received Import Request.
  Time since last request: 0.000021 seconds.
  path: Assets/Materials/RedMat.mat
  artifactKey: Guid(620ca7f5cc39d654eb1c01705a4295fb) Importer(2089858483,192608db42251d675da83286b1cce702)
Start importing Assets/Materials/RedMat.mat using Guid(620ca7f5cc39d654eb1c01705a4295fb) Importer(2089858483,192608db42251d675da83286b1cce702) (ScriptedImporter) -> (artifact id: '3558ff3c515ffa7b2a5a1ac7bdfc23b2') in 0.0099766 seconds
Number of updated asset objects reloaded before import = 0Number of asset objects unloaded after import = 1

========================================================================
Received Import Request.
  Time since last request: 0.000020 seconds.
  path: Assets/Street/Resources/Assets/Materials/Busstop-Material2.mat
  artifactKey: Guid(ff20c456d0dffab4a875b0d239977590) Importer(2089858483,192608db42251d675da83286b1cce702)
Start importing Assets/Street/Resources/Assets/Materials/Busstop-Material2.mat using Guid(ff20c456d0dffab4a875b0d239977590) Importer(2089858483,192608db42251d675da83286b1cce702) (ScriptedImporter) -> (artifact id: '17db0865f66f76a64f748c7c5c381370') in 0.0096992 seconds
Number of updated asset objects reloaded before import = 0Number of asset objects unloaded after import = 3

========================================================================
Received Import Request.
  Time since last request: 0.000025 seconds.
  path: Assets/People/FunkeyMonkey.fbm/FunkeyMonkey_Top_Gloss.png
  artifactKey: Guid(0bf2cebea84e149828362c29dd36cf5c) Importer(2089858483,192608db42251d675da83286b1cce702)
Start importing Assets/People/FunkeyMonkey.fbm/FunkeyMonkey_Top_Gloss.png using Guid(0bf2cebea84e149828362c29dd36cf5c) Importer(2089858483,192608db42251d675da83286b1cce702) (ScriptedImporter) -> (artifact id: '335b5bce16c2d75feeadfdd0a1934fa0') in 0.0368542 seconds
Number of updated asset objects reloaded before import = 0Number of asset objects unloaded after import = 1

========================================================================
Received Import Request.
  Time since last request: 0.000023 seconds.
  path: Assets/People/Male_3.fbm/Male_3_Bottom_Normal.png
  artifactKey: Guid(b73ab79a07543493abb656390a00c6a2) Importer(2089858483,192608db42251d675da83286b1cce702)
Start importing Assets/People/Male_3.fbm/Male_3_Bottom_Normal.png using Guid(b73ab79a07543493abb656390a00c6a2) Importer(2089858483,192608db42251d675da83286b1cce702) (ScriptedImporter) -> (artifact id: 'd0399a29b194504575e09e72c5734556') in 0.030293 seconds
Number of updated asset objects reloaded before import = 0Number of asset objects unloaded after import = 1

========================================================================
Received Import Request.
  Time since last request: 0.000018 seconds.
  path: Assets/Street/Resources/Trees/BigTree_Textures/shadow.png
  artifactKey: Guid(91ed4b42297e83f4e88d27047d0b1780) Importer(2089858483,192608db42251d675da83286b1cce702)
Start importing Assets/Street/Resources/Trees/BigTree_Textures/shadow.png using Guid(91ed4b42297e83f4e88d27047d0b1780) Importer(2089858483,192608db42251d675da83286b1cce702) (ScriptedImporter) -> (artifact id: 'e3cd0c72b4c2cebac437063973b916c7') in 0.0527665 seconds
Number of updated asset objects reloaded before import = 0Number of asset objects unloaded after import = 1

========================================================================
Received Import Request.
  Time since last request: 0.000018 seconds.
  path: Assets/StarterAssets/Settings/Medium_PipelineAsset_ForwardRenderer.asset
  artifactKey: Guid(871a00306922d48e1872740163b0d74b) Importer(2089858483,192608db42251d675da83286b1cce702)
Start importing Assets/StarterAssets/Settings/Medium_PipelineAsset_ForwardRenderer.asset using Guid(871a00306922d48e1872740163b0d74b) Importer(2089858483,192608db42251d675da83286b1cce702) (ScriptedImporter) -> (artifact id: '839d615e587c7d3ff631817876ece53e') in 0.0655786 seconds
Number of updated asset objects reloaded before import = 0Number of asset objects unloaded after import = 1

========================================================================
Received Import Request.
  Time since last request: 0.000026 seconds.
  path: Assets/People/Male_2.fbm/Male_2_Bottom_Diffuse.png
  artifactKey: Guid(be18fdedc75684036bc973deff3395d5) Importer(2089858483,192608db42251d675da83286b1cce702)
Start importing Assets/People/Male_2.fbm/Male_2_Bottom_Diffuse.png using Guid(be18fdedc75684036bc973deff3395d5) Importer(2089858483,192608db42251d675da83286b1cce702) (ScriptedImporter) -> (artifact id: '6109a6b2ed309a863572a745c058dd59') in 0.044287 seconds
Number of updated asset objects reloaded before import = 0Number of asset objects unloaded after import = 1

========================================================================
Received Import Request.
  Time since last request: 0.000014 seconds.
  path: Assets/People/Materials/Brutius_Moustache_Diffuse.mat
  artifactKey: Guid(1e6e863116973440c91b7e87ab96a131) Importer(2089858483,192608db42251d675da83286b1cce702)
Start importing Assets/People/Materials/Brutius_Moustache_Diffuse.mat using Guid(1e6e863116973440c91b7e87ab96a131) Importer(2089858483,192608db42251d675da83286b1cce702) (ScriptedImporter) -> (artifact id: '17c15404fd0290f903f442a1a10960d9') in 0.0133569 seconds
Number of updated asset objects reloaded before import = 0Number of asset objects unloaded after import = 4

========================================================================
Received Import Request.
  Time since last request: 0.000019 seconds.
  path: Assets/Scenes/SampleScene/NavMesh.asset
  artifactKey: Guid(7fe2a80207e3c264f82669880e13fc4f) Importer(2089858483,192608db42251d675da83286b1cce702)
Start importing Assets/Scenes/SampleScene/NavMesh.asset using Guid(7fe2a80207e3c264f82669880e13fc4f) Importer(2089858483,192608db42251d675da83286b1cce702) (ScriptedImporter) -> (artifact id: '51a331255573bc845949e2a32ee5ff93') in 0.0483271 seconds
Number of updated asset objects reloaded before import = 0Number of asset objects unloaded after import = 1

========================================================================
Received Import Request.
  Time since last request: 0.000017 seconds.
  path: Assets/StarterAssets/FirstPersonController/Scenes/Playground/ReflectionProbe-2.exr
  artifactKey: Guid(c49ef192a57a5af42a728163b2468c8a) Importer(2089858483,192608db42251d675da83286b1cce702)
Start importing Assets/StarterAssets/FirstPersonController/Scenes/Playground/ReflectionProbe-2.exr using Guid(c49ef192a57a5af42a728163b2468c8a) Importer(2089858483,192608db42251d675da83286b1cce702) (ScriptedImporter) -> (artifact id: '03366f972ed82adba06d98244f675c39') in 0.0686787 seconds
Number of updated asset objects reloaded before import = 0Number of asset objects unloaded after import = 1

========================================================================
Received Import Request.
  Time since last request: 0.000026 seconds.
  path: Assets/Street/Resources/Assets/Materials/semaforo-Material19.mat
  artifactKey: Guid(3ec196c2cf357c049964b28a2109cb3e) Importer(2089858483,192608db42251d675da83286b1cce702)
Start importing Assets/Street/Resources/Assets/Materials/semaforo-Material19.mat using Guid(3ec196c2cf357c049964b28a2109cb3e) Importer(2089858483,192608db42251d675da83286b1cce702) (ScriptedImporter) -> (artifact id: 'df9707feb9b321da9696d146b3173025') in 0.0269513 seconds
Number of updated asset objects reloaded before import = 0Number of asset objects unloaded after import = 1

========================================================================
Received Import Request.
  Time since last request: 0.000017 seconds.
  path: Assets/People/Girl_1.fbm/Girl_1_Shoes_Normal.png
  artifactKey: Guid(befec42db9dae439089f7e20ec1af028) Importer(2089858483,192608db42251d675da83286b1cce702)
Start importing Assets/People/Girl_1.fbm/Girl_1_Shoes_Normal.png using Guid(befec42db9dae439089f7e20ec1af028) Importer(2089858483,192608db42251d675da83286b1cce702) (ScriptedImporter) -> (artifact id: '5ea74e79fdec9f8327b692b010282ee9') in 0.0213044 seconds
Number of updated asset objects reloaded before import = 0Number of asset objects unloaded after import = 1

========================================================================
Received Import Request.
  Time since last request: 0.000016 seconds.
  path: Assets/Street/Resources/Assets/Materials/HighRiseResidential0021_2_L.mat
  artifactKey: Guid(10671f8fd28cf9242bd1297560252878) Importer(2089858483,192608db42251d675da83286b1cce702)
Start importing Assets/Street/Resources/Assets/Materials/HighRiseResidential0021_2_L.mat using Guid(10671f8fd28cf9242bd1297560252878) Importer(2089858483,192608db42251d675da83286b1cce702) (ScriptedImporter) -> (artifact id: '8655f57ea72ea87126af2a0ef20ce060') in 0.0740538 seconds
Number of updated asset objects reloaded before import = 0Number of asset objects unloaded after import = 3

========================================================================
Received Import Request.
  Time since last request: 0.000022 seconds.
  path: Assets/People/Male_3.fbm/Male_3_Top_Opacity.png
  artifactKey: Guid(343d24c8905e1481c98b54e74b50239e) Importer(2089858483,192608db42251d675da83286b1cce702)
Start importing Assets/People/Male_3.fbm/Male_3_Top_Opacity.png using Guid(343d24c8905e1481c98b54e74b50239e) Importer(2089858483,192608db42251d675da83286b1cce702) (ScriptedImporter) -> (artifact id: 'f5862628cd52a4331c83fbd3fbf5eea7') in 0.0440078 seconds
Number of updated asset objects reloaded before import = 0Number of asset objects unloaded after import = 1

========================================================================
Received Import Request.
  Time since last request: 0.000029 seconds.
  path: Assets/Street/Resources/Assets/Materials/tent.mat
  artifactKey: Guid(f4f2d9f250ae4ff44961a4eff51a50a7) Importer(2089858483,192608db42251d675da83286b1cce702)
Start importing Assets/Street/Resources/Assets/Materials/tent.mat using Guid(f4f2d9f250ae4ff44961a4eff51a50a7) Importer(2089858483,192608db42251d675da83286b1cce702) (ScriptedImporter) -> (artifact id: '658ab8c9a68aadc1e6b9a5817f1225d7') in 0.055 seconds
Number of updated asset objects reloaded before import = 0Number of asset objects unloaded after import = 3

========================================================================
Received Import Request.
  Time since last request: 0.000021 seconds.
  path: Assets/Street/Resources/Assets/Materials/Suelo2.mat
  artifactKey: Guid(8b808efd124a0144a986bbe6ab048c23) Importer(2089858483,192608db42251d675da83286b1cce702)
Start importing Assets/Street/Resources/Assets/Materials/Suelo2.mat using Guid(8b808efd124a0144a986bbe6ab048c23) Importer(2089858483,192608db42251d675da83286b1cce702) (ScriptedImporter) -> (artifact id: 'ab3acb5dca9a5c330055c09808859f25') in 0.0774005 seconds
Number of updated asset objects reloaded before import = 0Number of asset objects unloaded after import = 3

========================================================================
Received Import Request.
  Time since last request: 0.000021 seconds.
  path: Assets/Street/Resources/Assets/Materials/tents_blocks_05-08_05.mat
  artifactKey: Guid(b6b3a7e10d8399c43afd995eea702017) Importer(2089858483,192608db42251d675da83286b1cce702)
Start importing Assets/Street/Resources/Assets/Materials/tents_blocks_05-08_05.mat using Guid(b6b3a7e10d8399c43afd995eea702017) Importer(2089858483,192608db42251d675da83286b1cce702) (ScriptedImporter) -> (artifact id: '4cb7e83726e0395aa4ab16bee40fd371') in 0.0685268 seconds
Number of updated asset objects reloaded before import = 0Number of asset objects unloaded after import = 3

========================================================================
Received Import Request.
  Time since last request: 0.000034 seconds.
  path: Assets/Street/Resources/Assets/Materials/Shops0052_Spaz3.mat
  artifactKey: Guid(378e6f8cf65a62848b9d5752f6153e86) Importer(2089858483,192608db42251d675da83286b1cce702)
Start importing Assets/Street/Resources/Assets/Materials/Shops0052_Spaz3.mat using Guid(378e6f8cf65a62848b9d5752f6153e86) Importer(2089858483,192608db42251d675da83286b1cce702) (ScriptedImporter) -> (artifact id: '85c802df730e2a759bd1478f1d7756eb') in 0.1172934 seconds
Number of updated asset objects reloaded before import = 0Number of asset objects unloaded after import = 3

========================================================================
Received Import Request.
  Time since last request: 0.000019 seconds.
  path: Assets/StarterAssets/Environment/Art/Models/Ground_Mesh.fbx
  artifactKey: Guid(aa38d7b0e367ecc4aac915dcfe957879) Importer(2089858483,192608db42251d675da83286b1cce702)
Start importing Assets/StarterAssets/Environment/Art/Models/Ground_Mesh.fbx using Guid(aa38d7b0e367ecc4aac915dcfe957879) Importer(2089858483,192608db42251d675da83286b1cce702) (ScriptedImporter) -> (artifact id: 'a573a30a7649bec146c77a769e222bf2') in 0.0407135 seconds
Number of updated asset objects reloaded before import = 0Number of asset objects unloaded after import = 8

========================================================================
Received Import Request.
  Time since last request: 0.055060 seconds.
  path: Assets/Street/Resources/Assets/Pictures/TejadoBloque7_1.jpg
  artifactKey: Guid(85622ab4afe319540907b00fb709f3d7) Importer(2089858483,192608db42251d675da83286b1cce702)
Start importing Assets/Street/Resources/Assets/Pictures/TejadoBloque7_1.jpg using Guid(85622ab4afe319540907b00fb709f3d7) Importer(2089858483,192608db42251d675da83286b1cce702) (ScriptedImporter) -> (artifact id: 'ab4333b54e0b4d5cad1d8b0b4f1819ca') in 0.054075 seconds
Number of updated asset objects reloaded before import = 0Number of asset objects unloaded after import = 1

========================================================================
Received Import Request.
  Time since last request: 0.079039 seconds.
  path: Assets/Materials/Verde.mat
  artifactKey: Guid(a2e2bcfc6ef581640bb875746a57f79c) Importer(815301076,1909f56bfc062723c751e8b465ee728b)
Start importing Assets/Materials/Verde.mat using Guid(a2e2bcfc6ef581640bb875746a57f79c) Importer(815301076,1909f56bfc062723c751e8b465ee728b) (PreviewImporter) -> (artifact id: 'd92c65566ae6e722b0ba8cc0f2efb5a5') in 0.5733762 seconds
Number of updated asset objects reloaded before import = 0Number of asset objects unloaded after import = 1

========================================================================
Received Import Request.
  Time since last request: 0.166049 seconds.
  path: Assets/Street/Resources/Trees/Sources/Materials/BigTree_leaves.mat
  artifactKey: Guid(78e12d71d5af24a4c960d6f683ccee13) Importer(2089858483,192608db42251d675da83286b1cce702)
Start importing Assets/Street/Resources/Trees/Sources/Materials/BigTree_leaves.mat using Guid(78e12d71d5af24a4c960d6f683ccee13) Importer(2089858483,192608db42251d675da83286b1cce702) (ScriptedImporter) -> (artifact id: '619b0144e217eea25ceb0fd971ac99e9') in 0.1252002 seconds
Number of updated asset objects reloaded before import = 0Number of asset objects unloaded after import = 2

========================================================================
Received Import Request.
  Time since last request: 0.764322 seconds.
  path: Assets/People/Girl_3.fbm/Girl_3_Hair_Opacity.png
  artifactKey: Guid(901c91081203347a887959c5e01288d2) Importer(2089858483,192608db42251d675da83286b1cce702)
Start importing Assets/People/Girl_3.fbm/Girl_3_Hair_Opacity.png using Guid(901c91081203347a887959c5e01288d2) Importer(2089858483,192608db42251d675da83286b1cce702) (ScriptedImporter) -> (artifact id: '45e6d9e8e4f8454234212e6db7bfa82a') in 0.0474507 seconds
Number of updated asset objects reloaded before import = 0Number of asset objects unloaded after import = 1

========================================================================
Received Import Request.
  Time since last request: 0.842255 seconds.
  path: Assets/Street/Resources/Assets/Pictures/TejadoAssetBlock01_1.jpg
  artifactKey: Guid(7b8e25a51c429ce4a871790904a87467) Importer(2089858483,192608db42251d675da83286b1cce702)
Start importing Assets/Street/Resources/Assets/Pictures/TejadoAssetBlock01_1.jpg using Guid(7b8e25a51c429ce4a871790904a87467) Importer(2089858483,192608db42251d675da83286b1cce702) (ScriptedImporter) -> (artifact id: 'c12d43141931f34df5e12d631e0ec798') in 0.0547011 seconds
Number of updated asset objects reloaded before import = 0Number of asset objects unloaded after import = 1

========================================================================
Received Import Request.
  Time since last request: 0.846962 seconds.
  path: Assets/People/FunkeyMonkey.fbm/FunkeyMonkey_Body_Opacity.png
  artifactKey: Guid(694812d5f2bef4b5da627519ee48e9ce) Importer(2089858483,192608db42251d675da83286b1cce702)
Start importing Assets/People/FunkeyMonkey.fbm/FunkeyMonkey_Body_Opacity.png using Guid(694812d5f2bef4b5da627519ee48e9ce) Importer(2089858483,192608db42251d675da83286b1cce702) (ScriptedImporter) -> (artifact id: '56b3f9b5c49670d5f60a63614b322161') in 0.0478332 seconds
Number of updated asset objects reloaded before import = 0Number of asset objects unloaded after import = 1

========================================================================
Received Import Request.
  Time since last request: 0.849834 seconds.
  path: Assets/People/regina@Dwarf Idle.fbm/Regina_Top_Gloss.png
  artifactKey: Guid(8e43a98b1fa714bc3b407a53fc5b1103) Importer(2089858483,192608db42251d675da83286b1cce702)
Start importing Assets/People/regina@Dwarf Idle.fbm/Regina_Top_Gloss.png using Guid(8e43a98b1fa714bc3b407a53fc5b1103) Importer(2089858483,192608db42251d675da83286b1cce702) (ScriptedImporter) -> (artifact id: 'a974d3a4d0ab057fee4eb11f4e002fc2') in 0.015752 seconds
Number of updated asset objects reloaded before import = 0Number of asset objects unloaded after import = 1

========================================================================
Received Import Request.
  Time since last request: 0.862228 seconds.
  path: Assets/People/regina@Walking.fbm/Regina_Bottom_Opacity.png
  artifactKey: Guid(6671ece4200f66f4dba96fcfdb5a5648) Importer(2089858483,192608db42251d675da83286b1cce702)
Start importing Assets/People/regina@Walking.fbm/Regina_Bottom_Opacity.png using Guid(6671ece4200f66f4dba96fcfdb5a5648) Importer(2089858483,192608db42251d675da83286b1cce702) (ScriptedImporter) -> (artifact id: '071bcbca5265cc52e81c183f1e46255d') in 0.0360528 seconds
Number of updated asset objects reloaded before import = 0Number of asset objects unloaded after import = 1

========================================================================
Received Import Request.
  Time since last request: 0.855351 seconds.
  path: Assets/Scenes/SampleScene.unity
  artifactKey: Guid(9fc0d4010bbf28b4594072e72b8655ab) Importer(2089858483,192608db42251d675da83286b1cce702)
Start importing Assets/Scenes/SampleScene.unity using Guid(9fc0d4010bbf28b4594072e72b8655ab) Importer(2089858483,192608db42251d675da83286b1cce702) (ScriptedImporter) -> (artifact id: '32053057b7fc54062ba81f66f58b387e') in 0.0276231 seconds
Number of updated asset objects reloaded before import = 0Number of asset objects unloaded after import = 1

========================================================================
Received Import Request.
  Time since last request: 0.000019 seconds.
  path: Assets/People/Male_1.fbm/Male_1_Body_Gloss.png
  artifactKey: Guid(03365fd52e0d34ec08ff89b77b7f44ba) Importer(2089858483,192608db42251d675da83286b1cce702)
Start importing Assets/People/Male_1.fbm/Male_1_Body_Gloss.png using Guid(03365fd52e0d34ec08ff89b77b7f44ba) Importer(2089858483,192608db42251d675da83286b1cce702) (ScriptedImporter) -> (artifact id: '13b8ecff314ee66e5676a9d38aecc5d2') in 0.0354373 seconds
Number of updated asset objects reloaded before import = 0Number of asset objects unloaded after import = 1

========================================================================
Received Import Request.
  Time since last request: 0.000031 seconds.
  path: Assets/Street/Resources/Assets/Pictures/Suelo2.jpg
  artifactKey: Guid(6310a3553ddd93240a260bcf7c2ff6ed) Importer(2089858483,192608db42251d675da83286b1cce702)
Start importing Assets/Street/Resources/Assets/Pictures/Suelo2.jpg using Guid(6310a3553ddd93240a260bcf7c2ff6ed) Importer(2089858483,192608db42251d675da83286b1cce702) (ScriptedImporter) -> (artifact id: '4e8bbac187722d2ed5440c976e89301c') in 0.0165016 seconds
Number of updated asset objects reloaded before import = 0Number of asset objects unloaded after import = 1

========================================================================
Received Import Request.
  Time since last request: 0.000028 seconds.
  path: Assets/Street/Resources/Assets/Pictures/TejadoBlock04_3.jpg
  artifactKey: Guid(e3a5b13a4c03a624fae83f73e57a07bd) Importer(2089858483,192608db42251d675da83286b1cce702)
Start importing Assets/Street/Resources/Assets/Pictures/TejadoBlock04_3.jpg using Guid(e3a5b13a4c03a624fae83f73e57a07bd) Importer(2089858483,192608db42251d675da83286b1cce702) (ScriptedImporter) -> (artifact id: '46fe9ba05f61e5ce6713e2648b078da6') in 0.0388967 seconds
Number of updated asset objects reloaded before import = 0Number of asset objects unloaded after import = 1

========================================================================
Received Import Request.
  Time since last request: 0.000031 seconds.
  path: Assets/StarterAssets/Environment/Art/Materials/Blue_Mat.mat
  artifactKey: Guid(979aef027a1c86c42a15ce35fce366fa) Importer(2089858483,192608db42251d675da83286b1cce702)
Start importing Assets/StarterAssets/Environment/Art/Materials/Blue_Mat.mat using Guid(979aef027a1c86c42a15ce35fce366fa) Importer(2089858483,192608db42251d675da83286b1cce702) (ScriptedImporter) -> (artifact id: '172c65799c919688ecfea2f9aad73fc7') in 0.0228582 seconds
Number of updated asset objects reloaded before import = 0Number of asset objects unloaded after import = 1

========================================================================
Received Import Request.
  Time since last request: 0.000028 seconds.
  path: Assets/People/Male_3.fbm/Male_3_Beard_Diffuse.png
  artifactKey: Guid(e0bf9620806f24ba59ce7b71b8a8f15e) Importer(2089858483,192608db42251d675da83286b1cce702)
Start importing Assets/People/Male_3.fbm/Male_3_Beard_Diffuse.png using Guid(e0bf9620806f24ba59ce7b71b8a8f15e) Importer(2089858483,192608db42251d675da83286b1cce702) (ScriptedImporter) -> (artifact id: '6e22ec7ff2ae99206d98ef93e47e794d') in 0.0177752 seconds
Number of updated asset objects reloaded before import = 0Number of asset objects unloaded after import = 1

========================================================================
Received Import Request.
  Time since last request: 0.000021 seconds.
  path: Assets/People/Girl_1.fbm/Girl_1_Top_Specular.png
  artifactKey: Guid(6df0e0dd6bad943909a61c8311ec2a71) Importer(2089858483,192608db42251d675da83286b1cce702)
Start importing Assets/People/Girl_1.fbm/Girl_1_Top_Specular.png using Guid(6df0e0dd6bad943909a61c8311ec2a71) Importer(2089858483,192608db42251d675da83286b1cce702) (ScriptedImporter) -> (artifact id: '3059648fb35614bd503b1d87523fd296') in 0.0370828 seconds
Number of updated asset objects reloaded before import = 0Number of asset objects unloaded after import = 1

========================================================================
Received Import Request.
  Time since last request: 0.000022 seconds.
  path: Assets/Street/Resources/Assets/Materials/TejadoAssetBlock01_8.mat
  artifactKey: Guid(cf3434624a1de3a4c87562b05cfdebf4) Importer(2089858483,192608db42251d675da83286b1cce702)
Start importing Assets/Street/Resources/Assets/Materials/TejadoAssetBlock01_8.mat using Guid(cf3434624a1de3a4c87562b05cfdebf4) Importer(2089858483,192608db42251d675da83286b1cce702) (ScriptedImporter) -> (artifact id: '7c3750fad252068fd1c0c77ba8326009') in 0.0614918 seconds
Number of updated asset objects reloaded before import = 0Number of asset objects unloaded after import = 3

========================================================================
Received Import Request.
  Time since last request: 0.000025 seconds.
  path: Assets/People/Girl_5.fbm/Girl_5_Hair_Gloss.png
  artifactKey: Guid(dc2cb20406b3c45c58ab40e9e9a08a3b) Importer(2089858483,192608db42251d675da83286b1cce702)
Start importing Assets/People/Girl_5.fbm/Girl_5_Hair_Gloss.png using Guid(dc2cb20406b3c45c58ab40e9e9a08a3b) Importer(2089858483,192608db42251d675da83286b1cce702) (ScriptedImporter) -> (artifact id: '686cb38c46be32623505a3d3963665dc') in 0.0464914 seconds
Number of updated asset objects reloaded before import = 0Number of asset objects unloaded after import = 1

========================================================================
Received Import Request.
  Time since last request: 0.000036 seconds.
  path: Assets/Street/Resources/Assets/Pictures/TejadoBloque3_0.jpg
  artifactKey: Guid(9f3f1943c8f6e8f49b7618b0218b0e11) Importer(2089858483,192608db42251d675da83286b1cce702)
Start importing Assets/Street/Resources/Assets/Pictures/TejadoBloque3_0.jpg using Guid(9f3f1943c8f6e8f49b7618b0218b0e11) Importer(2089858483,192608db42251d675da83286b1cce702) (ScriptedImporter) -> (artifact id: '55b85860fba543903e0f13f86aa26923') in 0.0551902 seconds
Number of updated asset objects reloaded before import = 0Number of asset objects unloaded after import = 1

========================================================================
Received Import Request.
  Time since last request: 0.000027 seconds.
  path: Assets/Street/Resources/Assets/Pictures/papelerasyBolsas.tif
  artifactKey: Guid(5cc50ccb8568a16429ceb369053f7367) Importer(2089858483,192608db42251d675da83286b1cce702)
Start importing Assets/Street/Resources/Assets/Pictures/papelerasyBolsas.tif using Guid(5cc50ccb8568a16429ceb369053f7367) Importer(2089858483,192608db42251d675da83286b1cce702) (ScriptedImporter) -> (artifact id: '22a4d37b356f69f2f6ef54ed16f2a105') in 0.0173618 seconds
Number of updated asset objects reloaded before import = 0Number of asset objects unloaded after import = 1

========================================================================
Received Import Request.
  Time since last request: 0.000023 seconds.
  path: Assets/People/Girl_2.fbm/Girl_2_Bottom_Diffuse.png
  artifactKey: Guid(19bb2e338da1e488fadbd2753a62bc9a) Importer(2089858483,192608db42251d675da83286b1cce702)
Start importing Assets/People/Girl_2.fbm/Girl_2_Bottom_Diffuse.png using Guid(19bb2e338da1e488fadbd2753a62bc9a) Importer(2089858483,192608db42251d675da83286b1cce702) (ScriptedImporter) -> (artifact id: '01fb7394d020c5f3af368c105ec94caf') in 0.0154168 seconds
Number of updated asset objects reloaded before import = 0Number of asset objects unloaded after import = 1

========================================================================
Received Import Request.
  Time since last request: 0.000029 seconds.
  path: Assets/People/regina@Dwarf Idle.fbm/Regina_Hair_Normal.png
  artifactKey: Guid(59e10752dbb77433f8c7d4cf496d0809) Importer(2089858483,192608db42251d675da83286b1cce702)
Start importing Assets/People/regina@Dwarf Idle.fbm/Regina_Hair_Normal.png using Guid(59e10752dbb77433f8c7d4cf496d0809) Importer(2089858483,192608db42251d675da83286b1cce702) (ScriptedImporter) -> (artifact id: '9561f6da107a07f34f9448694fae2ca9') in 0.056841 seconds
Number of updated asset objects reloaded before import = 0Number of asset objects unloaded after import = 1

========================================================================
Received Import Request.
  Time since last request: 0.000022 seconds.
  path: Assets/People/regina@Running.fbm/Regina_Hat_Specular.png
  artifactKey: Guid(742db13b26f9843ebaeaac25daf4cd7e) Importer(2089858483,192608db42251d675da83286b1cce702)
Start importing Assets/People/regina@Running.fbm/Regina_Hat_Specular.png using Guid(742db13b26f9843ebaeaac25daf4cd7e) Importer(2089858483,192608db42251d675da83286b1cce702) (ScriptedImporter) -> (artifact id: '9e4a68e955a43e3e325bc20a67849cf5') in 0.0523984 seconds
Number of updated asset objects reloaded before import = 0Number of asset objects unloaded after import = 1

========================================================================
Received Import Request.
  Time since last request: 0.000030 seconds.
  path: Assets/Street/Resources/Assets/Pictures/BuildingsOrnate0034_L.jpg
  artifactKey: Guid(8a365a561633b1d46a7d6b5ff521935a) Importer(2089858483,192608db42251d675da83286b1cce702)
Start importing Assets/Street/Resources/Assets/Pictures/BuildingsOrnate0034_L.jpg using Guid(8a365a561633b1d46a7d6b5ff521935a) Importer(2089858483,192608db42251d675da83286b1cce702) (ScriptedImporter) -> (artifact id: 'ce1eef1caa37e160fcc44c24d0c7796c') in 0.0319548 seconds
Number of updated asset objects reloaded before import = 0Number of asset objects unloaded after import = 1

========================================================================
Received Import Request.
  Time since last request: 0.000025 seconds.
  path: Assets/People/Brutius.fbm/Brutius_Hat_Normal.png
  artifactKey: Guid(c6494049d894d4b76ae6791fa802b7b7) Importer(2089858483,192608db42251d675da83286b1cce702)
Start importing Assets/People/Brutius.fbm/Brutius_Hat_Normal.png using Guid(c6494049d894d4b76ae6791fa802b7b7) Importer(2089858483,192608db42251d675da83286b1cce702) (ScriptedImporter) -> (artifact id: '2117bd78f49fc3ee999a4890f0bfb7f3') in 0.0135144 seconds
Number of updated asset objects reloaded before import = 0Number of asset objects unloaded after import = 1

========================================================================
Received Import Request.
  Time since last request: 0.000020 seconds.
  path: Assets/People/Girl_4.fbm/Girl_4_Body_Normal.png
  artifactKey: Guid(aba69a665d4ee4721864d99527d63135) Importer(2089858483,192608db42251d675da83286b1cce702)
Start importing Assets/People/Girl_4.fbm/Girl_4_Body_Normal.png using Guid(aba69a665d4ee4721864d99527d63135) Importer(2089858483,192608db42251d675da83286b1cce702) (ScriptedImporter) -> (artifact id: 'b7d656e691f79df2c2f888a909f5d689') in 0.0619103 seconds
Number of updated asset objects reloaded before import = 0Number of asset objects unloaded after import = 1

========================================================================
Received Import Request.
  Time since last request: 0.000022 seconds.
  path: Assets/Street/Resources/Assets/Pictures/cartelesCalles.jpg
  artifactKey: Guid(f087e23ea463acc49908ab09d5819043) Importer(2089858483,192608db42251d675da83286b1cce702)
Start importing Assets/Street/Resources/Assets/Pictures/cartelesCalles.jpg using Guid(f087e23ea463acc49908ab09d5819043) Importer(2089858483,192608db42251d675da83286b1cce702) (ScriptedImporter) -> (artifact id: '4b4b91759680dc917b7d6dea9fe4c3ad') in 0.0152858 seconds
Number of updated asset objects reloaded before import = 0Number of asset objects unloaded after import = 1

========================================================================
Received Import Request.
  Time since last request: 0.000034 seconds.
  path: Assets/Street/Resources/Assets/Pictures/Shops0038_S.jpg
  artifactKey: Guid(2f8a3275b9996254c85af54759f6350f) Importer(2089858483,192608db42251d675da83286b1cce702)
Start importing Assets/Street/Resources/Assets/Pictures/Shops0038_S.jpg using Guid(2f8a3275b9996254c85af54759f6350f) Importer(2089858483,192608db42251d675da83286b1cce702) (ScriptedImporter) -> (artifact id: 'ed7813a1893f1e84521a77c2e62f312c') in 0.0422923 seconds
Number of updated asset objects reloaded before import = 0Number of asset objects unloaded after import = 1

========================================================================
Received Import Request.
  Time since last request: 0.000021 seconds.
  path: Assets/Street/Resources/Assets/Materials/Tejado01Block01_4.mat
  artifactKey: Guid(2192e981c41b1234c9c3b1fb2483aec7) Importer(2089858483,192608db42251d675da83286b1cce702)
Start importing Assets/Street/Resources/Assets/Materials/Tejado01Block01_4.mat using Guid(2192e981c41b1234c9c3b1fb2483aec7) Importer(2089858483,192608db42251d675da83286b1cce702) (ScriptedImporter) -> (artifact id: '31626cd6296b3de4dd72f72091373b4e') in 0.0792188 seconds
Number of updated asset objects reloaded before import = 0Number of asset objects unloaded after import = 3

========================================================================
Received Import Request.
  Time since last request: 0.000019 seconds.
  path: Assets/Street/Resources/Assets/Materials/Shops0130_2_M_03.mat
  artifactKey: Guid(9ecc8f6d4e93430418e49a3744b147cc) Importer(2089858483,192608db42251d675da83286b1cce702)
Start importing Assets/Street/Resources/Assets/Materials/Shops0130_2_M_03.mat using Guid(9ecc8f6d4e93430418e49a3744b147cc) Importer(2089858483,192608db42251d675da83286b1cce702) (ScriptedImporter) -> (artifact id: 'a64b8b00e41e09b9aeac469f7a753ddc') in 0.0713038 seconds
Number of updated asset objects reloaded before import = 0Number of asset objects unloaded after import = 3

========================================================================
Received Import Request.
  Time since last request: 0.000034 seconds.
  path: Assets/Street/Resources/Assets/Pictures/park.jpg
  artifactKey: Guid(f97eea253e0b41540808416f7f3a3f35) Importer(2089858483,192608db42251d675da83286b1cce702)
Start importing Assets/Street/Resources/Assets/Pictures/park.jpg using Guid(f97eea253e0b41540808416f7f3a3f35) Importer(2089858483,192608db42251d675da83286b1cce702) (ScriptedImporter) -> (artifact id: 'c14ea333fc8dca3cffa5369ad3dfd196') in 0.0168758 seconds
Number of updated asset objects reloaded before import = 0Number of asset objects unloaded after import = 1

========================================================================
Received Import Request.
  Time since last request: 0.000030 seconds.
  path: Assets/People/FunkeyMonkey.fbm/FunkeyMonkey_Top_Opacity.png
  artifactKey: Guid(456f5bb67d78f4b1bbf02689e537290a) Importer(2089858483,192608db42251d675da83286b1cce702)
Start importing Assets/People/FunkeyMonkey.fbm/FunkeyMonkey_Top_Opacity.png using Guid(456f5bb67d78f4b1bbf02689e537290a) Importer(2089858483,192608db42251d675da83286b1cce702) (ScriptedImporter) -> (artifact id: 'cae87604c6cb8e2ebdd82e75fabd7894') in 0.0640706 seconds
Number of updated asset objects reloaded before import = 0Number of asset objects unloaded after import = 1

========================================================================
Received Import Request.
  Time since last request: 0.000024 seconds.
  path: Assets/StarterAssets/Settings/Very Low_PipelineAsset.asset
  artifactKey: Guid(69480fc1192f04488be5781c2ec080a9) Importer(2089858483,192608db42251d675da83286b1cce702)
Start importing Assets/StarterAssets/Settings/Very Low_PipelineAsset.asset using Guid(69480fc1192f04488be5781c2ec080a9) Importer(2089858483,192608db42251d675da83286b1cce702) (ScriptedImporter) -> (artifact id: '5db1330cbd928053eb1e73a6fa2cd6ec') in 0.1342945 seconds
Number of updated asset objects reloaded before import = 0Number of asset objects unloaded after import = 2

========================================================================
Received Import Request.
  Time since last request: 0.000021 seconds.
  path: Assets/Street/Resources/Assets/Materials/tents_blocks_05-08_07.mat
  artifactKey: Guid(24a7b148fe74f7d4fbc5d757f5d26f79) Importer(2089858483,192608db42251d675da83286b1cce702)
Start importing Assets/Street/Resources/Assets/Materials/tents_blocks_05-08_07.mat using Guid(24a7b148fe74f7d4fbc5d757f5d26f79) Importer(2089858483,192608db42251d675da83286b1cce702) (ScriptedImporter) -> (artifact id: '5ab5d975959aec79e5b0d344b5071b65') in 0.0282341 seconds
Number of updated asset objects reloaded before import = 0Number of asset objects unloaded after import = 3

========================================================================
Received Import Request.
  Time since last request: 0.000027 seconds.
  path: Assets/Street/Resources/Assets/Materials/TejadoBloque4_0.mat
  artifactKey: Guid(1f47b7f22b306ab488537cb527291d91) Importer(2089858483,192608db42251d675da83286b1cce702)
Start importing Assets/Street/Resources/Assets/Materials/TejadoBloque4_0.mat using Guid(1f47b7f22b306ab488537cb527291d91) Importer(2089858483,192608db42251d675da83286b1cce702) (ScriptedImporter) -> (artifact id: 'b945b174122933e4b8276cd30cdfc8ad') in 0.0505971 seconds
Number of updated asset objects reloaded before import = 0Number of asset objects unloaded after import = 3

========================================================================
Received Import Request.
  Time since last request: 0.000023 seconds.
  path: Assets/Street/Resources/Assets/Pictures/TejadoBlock02_2.jpg
  artifactKey: Guid(795000117191eaf46a1a157ddcad759b) Importer(2089858483,192608db42251d675da83286b1cce702)
Start importing Assets/Street/Resources/Assets/Pictures/TejadoBlock02_2.jpg using Guid(795000117191eaf46a1a157ddcad759b) Importer(2089858483,192608db42251d675da83286b1cce702) (ScriptedImporter) -> (artifact id: 'a34118de8fbd1da2c0430c20b4e8689b') in 0.0170815 seconds
Number of updated asset objects reloaded before import = 0Number of asset objects unloaded after import = 1

========================================================================
Received Import Request.
  Time since last request: 0.000023 seconds.
  path: Assets/People/Materials/Regina_Hat_Diffuse.mat
  artifactKey: Guid(d928428e89ecd4f949ec98c6ddb6eb51) Importer(2089858483,192608db42251d675da83286b1cce702)
Start importing Assets/People/Materials/Regina_Hat_Diffuse.mat using Guid(d928428e89ecd4f949ec98c6ddb6eb51) Importer(2089858483,192608db42251d675da83286b1cce702) (ScriptedImporter) -> (artifact id: '8230b6554534c80b1bacaa118832448e') in 0.1434971 seconds
Number of updated asset objects reloaded before import = 0Number of asset objects unloaded after import = 3

========================================================================
Received Import Request.
  Time since last request: 0.000021 seconds.
  path: Assets/People/Girl_2.fbm/Girl_2_Hair_Opacity.png
  artifactKey: Guid(35c8c6c3992b345beb917d1cf6ea08f4) Importer(2089858483,192608db42251d675da83286b1cce702)
Start importing Assets/People/Girl_2.fbm/Girl_2_Hair_Opacity.png using Guid(35c8c6c3992b345beb917d1cf6ea08f4) Importer(2089858483,192608db42251d675da83286b1cce702) (ScriptedImporter) -> (artifact id: '228728f3feb000eb1c2d72d0c4e22525') in 0.0738148 seconds
Number of updated asset objects reloaded before import = 0Number of asset objects unloaded after import = 1

========================================================================
Received Import Request.
  Time since last request: 0.000032 seconds.
  path: Assets/StarterAssets/InputSystem
  artifactKey: Guid(48c9acd554a28814b922162e3fa889b0) Importer(2089858483,192608db42251d675da83286b1cce702)
Start importing Assets/StarterAssets/InputSystem using Guid(48c9acd554a28814b922162e3fa889b0) Importer(2089858483,192608db42251d675da83286b1cce702) (ScriptedImporter) -> (artifact id: '90431c498c42b74b52deedb2bd1efa95') in 0.0091492 seconds
Number of updated asset objects reloaded before import = 0Number of asset objects unloaded after import = 1

========================================================================
Received Import Request.
  Time since last request: 0.000027 seconds.
  path: Assets/Street/Resources/Assets/Materials/Basura-Material.mat
  artifactKey: Guid(91e923dbca5eff04091398e2c3d10b89) Importer(2089858483,192608db42251d675da83286b1cce702)
Start importing Assets/Street/Resources/Assets/Materials/Basura-Material.mat using Guid(91e923dbca5eff04091398e2c3d10b89) Importer(2089858483,192608db42251d675da83286b1cce702) (ScriptedImporter) -> (artifact id: '9e72e28228390f37fa10abfe3f72a176') in 0.0135763 seconds
Number of updated asset objects reloaded before import = 0Number of asset objects unloaded after import = 4

========================================================================
Received Import Request.
  Time since last request: 0.000024 seconds.
  path: Assets/StarterAssets/Environment/Prefabs/Stairs_650_400_300_Prefab.prefab
  artifactKey: Guid(50a0925b0c22af146a2d15615f815a1c) Importer(2089858483,192608db42251d675da83286b1cce702)
Start importing Assets/StarterAssets/Environment/Prefabs/Stairs_650_400_300_Prefab.prefab using Guid(50a0925b0c22af146a2d15615f815a1c) Importer(2089858483,192608db42251d675da83286b1cce702) (ScriptedImporter) -> (artifact id: '2c7a67952455f297e737ccb024e4995e') in 0.1087425 seconds
Number of updated asset objects reloaded before import = 0Number of asset objects unloaded after import = 10

========================================================================
Received Import Request.
  Time since last request: 0.000023 seconds.
  path: Assets/Street/Resources/Assets/Pictures/Suelo3.jpg
  artifactKey: Guid(43905fa6095c5b74797722c731ba495a) Importer(2089858483,192608db42251d675da83286b1cce702)
Start importing Assets/Street/Resources/Assets/Pictures/Suelo3.jpg using Guid(43905fa6095c5b74797722c731ba495a) Importer(2089858483,192608db42251d675da83286b1cce702) (ScriptedImporter) -> (artifact id: '14ac06bfa26760be97ae449e7c712ffc') in 0.0370395 seconds
Number of updated asset objects reloaded before import = 0Number of asset objects unloaded after import = 1

========================================================================
Received Import Request.
  Time since last request: 0.000032 seconds.
  path: Assets/StarterAssets/Environment/Art/Models/Ramp_Mesh.fbx
  artifactKey: Guid(426a2785f8a940049aac2c246661cf09) Importer(2089858483,192608db42251d675da83286b1cce702)
Start importing Assets/StarterAssets/Environment/Art/Models/Ramp_Mesh.fbx using Guid(426a2785f8a940049aac2c246661cf09) Importer(2089858483,192608db42251d675da83286b1cce702) (ScriptedImporter) -> (artifact id: 'a817498b62e1b03fcfcdf00e7532d4c7') in 0.0186078 seconds
Number of updated asset objects reloaded before import = 0Number of asset objects unloaded after import = 8

========================================================================
Received Import Request.
  Time since last request: 0.000023 seconds.
  path: Assets/People/FunkeyMonkey.fbm/FunkeyMonkey_Body_Normal.png
  artifactKey: Guid(e81e6442845f144e49ac28f7e5b55f4b) Importer(2089858483,192608db42251d675da83286b1cce702)
Start importing Assets/People/FunkeyMonkey.fbm/FunkeyMonkey_Body_Normal.png using Guid(e81e6442845f144e49ac28f7e5b55f4b) Importer(2089858483,192608db42251d675da83286b1cce702) (ScriptedImporter) -> (artifact id: '5a484781579b3841c8de0fc9f9737a19') in 0.0238447 seconds
Number of updated asset objects reloaded before import = 0Number of asset objects unloaded after import = 1

========================================================================
Received Import Request.
  Time since last request: 0.000023 seconds.
  path: Assets/Street/Resources/Assets/Pictures/Shops0019_M_2.jpg
  artifactKey: Guid(6239e40b4fa3b3f4687c06a22ea40979) Importer(2089858483,192608db42251d675da83286b1cce702)
Start importing Assets/Street/Resources/Assets/Pictures/Shops0019_M_2.jpg using Guid(6239e40b4fa3b3f4687c06a22ea40979) Importer(2089858483,192608db42251d675da83286b1cce702) (ScriptedImporter) -> (artifact id: '75909e44f00c9d7d65d05533a972770c') in 0.057383 seconds
Number of updated asset objects reloaded before import = 0Number of asset objects unloaded after import = 1

========================================================================
Received Import Request.
  Time since last request: 0.000020 seconds.
  path: Assets/People/Girl_5.fbm
  artifactKey: Guid(6e2ef9351b51d4321ab7869883022e06) Importer(2089858483,192608db42251d675da83286b1cce702)
Start importing Assets/People/Girl_5.fbm using Guid(6e2ef9351b51d4321ab7869883022e06) Importer(2089858483,192608db42251d675da83286b1cce702) (ScriptedImporter) -> (artifact id: 'b6c53fc0fe11de5cd57a60e72440e846') in 0.0094739 seconds
Number of updated asset objects reloaded before import = 0Number of asset objects unloaded after import = 1

========================================================================
Received Import Request.
  Time since last request: 0.000034 seconds.
  path: Assets/Street/Resources/Assets/Materials/Trafficlight-Material18.mat
  artifactKey: Guid(5d44b3ff1bca35949add9e892e94173b) Importer(2089858483,192608db42251d675da83286b1cce702)
Start importing Assets/Street/Resources/Assets/Materials/Trafficlight-Material18.mat using Guid(5d44b3ff1bca35949add9e892e94173b) Importer(2089858483,192608db42251d675da83286b1cce702) (ScriptedImporter) -> (artifact id: 'afc4f6ef49d7efbe5177b00c6c3c50ad') in 0.0110652 seconds
Number of updated asset objects reloaded before import = 0Number of asset objects unloaded after import = 2

========================================================================
Received Import Request.
  Time since last request: 0.000021 seconds.
  path: Assets/Street/Resources/Assets/Pictures/sign-motorola1.jpg
  artifactKey: Guid(c435b3397a955564dad9cbcd86d67509) Importer(2089858483,192608db42251d675da83286b1cce702)
Start importing Assets/Street/Resources/Assets/Pictures/sign-motorola1.jpg using Guid(c435b3397a955564dad9cbcd86d67509) Importer(2089858483,192608db42251d675da83286b1cce702) (ScriptedImporter) -> (artifact id: '6083057ae258ac42a43229b88afd1593') in 0.054795 seconds
Number of updated asset objects reloaded before import = 0Number of asset objects unloaded after import = 1

========================================================================
Received Import Request.
  Time since last request: 0.000019 seconds.
  path: Assets/People/Materials/Regina_Hair_Diffuse.mat
  artifactKey: Guid(0da0855ae2cb74b50a59db3ce852e242) Importer(2089858483,192608db42251d675da83286b1cce702)
Start importing Assets/People/Materials/Regina_Hair_Diffuse.mat using Guid(0da0855ae2cb74b50a59db3ce852e242) Importer(2089858483,192608db42251d675da83286b1cce702) (ScriptedImporter) -> (artifact id: '04f58918ac1bd7c54fa455def39c1d7f') in 0.0578262 seconds
Number of updated asset objects reloaded before import = 0Number of asset objects unloaded after import = 3

========================================================================
Received Import Request.
  Time since last request: 0.000024 seconds.
  path: Assets/Street/Resources/Assets/Pictures/stairBlock07.jpg
  artifactKey: Guid(c3b2b7fed5b611f4d83ac0586f9cfbf3) Importer(2089858483,192608db42251d675da83286b1cce702)
Start importing Assets/Street/Resources/Assets/Pictures/stairBlock07.jpg using Guid(c3b2b7fed5b611f4d83ac0586f9cfbf3) Importer(2089858483,192608db42251d675da83286b1cce702) (ScriptedImporter) -> (artifact id: 'fcf3d61826f62a4e72ef1f7bd319ed14') in 0.0467861 seconds
Number of updated asset objects reloaded before import = 0Number of asset objects unloaded after import = 1

========================================================================
Received Import Request.
  Time since last request: 0.000034 seconds.
  path: Assets/Street/Resources/Assets/Materials/Tejado01Block01_2.mat
  artifactKey: Guid(70b32133df63869449b5d31905f0e5a1) Importer(2089858483,192608db42251d675da83286b1cce702)
Start importing Assets/Street/Resources/Assets/Materials/Tejado01Block01_2.mat using Guid(70b32133df63869449b5d31905f0e5a1) Importer(2089858483,192608db42251d675da83286b1cce702) (ScriptedImporter) -> (artifact id: 'f505f20eae5780b981936f4bd196b552') in 0.0681753 seconds
Number of updated asset objects reloaded before import = 0Number of asset objects unloaded after import = 3

========================================================================
Received Import Request.
  Time since last request: 0.000031 seconds.
  path: Assets/StarterAssets/Environment
  artifactKey: Guid(8d8da06649314d7498296c53b4a0a77a) Importer(2089858483,192608db42251d675da83286b1cce702)
Start importing Assets/StarterAssets/Environment using Guid(8d8da06649314d7498296c53b4a0a77a) Importer(2089858483,192608db42251d675da83286b1cce702) (ScriptedImporter) -> (artifact id: 'a146c8a8637b7c576112808c9737ac98') in 0.0140557 seconds
Number of updated asset objects reloaded before import = 0Number of asset objects unloaded after import = 1

========================================================================
Received Import Request.
  Time since last request: 0.000030 seconds.
  path: Assets/Street/Resources/Assets/roof06.fbx
  artifactKey: Guid(7ccfee784a15a084d85e3a32c30b2c00) Importer(2089858483,192608db42251d675da83286b1cce702)
Start importing Assets/Street/Resources/Assets/roof06.fbx using Guid(7ccfee784a15a084d85e3a32c30b2c00) Importer(2089858483,192608db42251d675da83286b1cce702) (ScriptedImporter) -> (artifact id: '506d0769842b7427f308d44d5c53d860') in 0.3722961 seconds
Number of updated asset objects reloaded before import = 0Number of asset objects unloaded after import = 1038

========================================================================
Received Import Request.
  Time since last request: 0.000068 seconds.
  path: Assets/People/Brutius.fbm/Brutius_Shoes_Normal.png
  artifactKey: Guid(747cb5060fffd46c9b7ff89a654b5597) Importer(2089858483,192608db42251d675da83286b1cce702)
Start importing Assets/People/Brutius.fbm/Brutius_Shoes_Normal.png using Guid(747cb5060fffd46c9b7ff89a654b5597) Importer(2089858483,192608db42251d675da83286b1cce702) (ScriptedImporter) -> (artifact id: '49699e79c7d15417f1f7b493b772a116') in 0.0212607 seconds
Number of updated asset objects reloaded before import = 0Number of asset objects unloaded after import = 1

========================================================================
Received Import Request.
  Time since last request: 0.000042 seconds.
  path: Assets/StarterAssets/Mobile/UI/UI_Icon_Look.png
  artifactKey: Guid(af0ae2dbf3d1efb4f82af377950704a2) Importer(2089858483,192608db42251d675da83286b1cce702)
Start importing Assets/StarterAssets/Mobile/UI/UI_Icon_Look.png using Guid(af0ae2dbf3d1efb4f82af377950704a2) Importer(2089858483,192608db42251d675da83286b1cce702) (ScriptedImporter) -> (artifact id: '2b74227e5dfe7bf6f0b27f22346e7b2d') in 0.0844877 seconds
Number of updated asset objects reloaded before import = 0Number of asset objects unloaded after import = 3

========================================================================
Received Import Request.
  Time since last request: 0.000025 seconds.
  path: Assets/People/Materials/Girl_2_Bottom_Diffuse.mat
  artifactKey: Guid(cbf9d9621bc334a08a1cde4c5da89e6d) Importer(2089858483,192608db42251d675da83286b1cce702)
Start importing Assets/People/Materials/Girl_2_Bottom_Diffuse.mat using Guid(cbf9d9621bc334a08a1cde4c5da89e6d) Importer(2089858483,192608db42251d675da83286b1cce702) (ScriptedImporter) -> (artifact id: 'ed143abcf2b61d5a8cff47ef013c6297') in 0.015898 seconds
Number of updated asset objects reloaded before import = 0Number of asset objects unloaded after import = 4

========================================================================
Received Import Request.
  Time since last request: 0.000026 seconds.
  path: Assets/Street/Resources/Assets/Materials/TejadoBlock02_0.mat
  artifactKey: Guid(ee8ae3c4238d74d45866eac567ec30ea) Importer(2089858483,192608db42251d675da83286b1cce702)
Start importing Assets/Street/Resources/Assets/Materials/TejadoBlock02_0.mat using Guid(ee8ae3c4238d74d45866eac567ec30ea) Importer(2089858483,192608db42251d675da83286b1cce702) (ScriptedImporter) -> (artifact id: '808aab120fe466db28522041ae207e8b') in 0.0577491 seconds
Number of updated asset objects reloaded before import = 0Number of asset objects unloaded after import = 3

========================================================================
Received Import Request.
  Time since last request: 0.000039 seconds.
  path: Assets/People/Girl_4.fbm/Girl_4_Hair_Diffuse.png
  artifactKey: Guid(319f08eee55494d19b8ec8d26f28dd81) Importer(2089858483,192608db42251d675da83286b1cce702)
Start importing Assets/People/Girl_4.fbm/Girl_4_Hair_Diffuse.png using Guid(319f08eee55494d19b8ec8d26f28dd81) Importer(2089858483,192608db42251d675da83286b1cce702) (ScriptedImporter) -> (artifact id: '6daadf4db91ebe48f9a3139b5edb5b8b') in 0.0476991 seconds
Number of updated asset objects reloaded before import = 0Number of asset objects unloaded after import = 1

========================================================================
Received Import Request.
  Time since last request: 0.000042 seconds.
  path: Assets/Street/Resources/Assets/Pictures/billboard16.jpg
  artifactKey: Guid(0128c6b0ec61252408e72bd8f5247de4) Importer(2089858483,192608db42251d675da83286b1cce702)
Start importing Assets/Street/Resources/Assets/Pictures/billboard16.jpg using Guid(0128c6b0ec61252408e72bd8f5247de4) Importer(2089858483,192608db42251d675da83286b1cce702) (ScriptedImporter) -> (artifact id: 'd8b72a505f1201c364abbd93f64ca9c1') in 0.0387692 seconds
Number of updated asset objects reloaded before import = 0Number of asset objects unloaded after import = 1

========================================================================
Received Import Request.
  Time since last request: 0.000028 seconds.
  path: Assets/Street/Resources/Assets/Materials/Trafficlight-Material17.mat
  artifactKey: Guid(6d14535fca456e74483bb2ff389d25ca) Importer(2089858483,192608db42251d675da83286b1cce702)
Start importing Assets/Street/Resources/Assets/Materials/Trafficlight-Material17.mat using Guid(6d14535fca456e74483bb2ff389d25ca) Importer(2089858483,192608db42251d675da83286b1cce702) (ScriptedImporter) -> (artifact id: '7e976acadf1b6434930050dc1546ad92') in 0.0101195 seconds
Number of updated asset objects reloaded before import = 0Number of asset objects unloaded after import = 2

========================================================================
Received Import Request.
  Time since last request: 0.000017 seconds.
  path: Assets/Street/Resources/Assets/Pictures/billboard17.jpg
  artifactKey: Guid(160ce7bd81f94e5468a9113c2da16ec5) Importer(2089858483,192608db42251d675da83286b1cce702)
Start importing Assets/Street/Resources/Assets/Pictures/billboard17.jpg using Guid(160ce7bd81f94e5468a9113c2da16ec5) Importer(2089858483,192608db42251d675da83286b1cce702) (ScriptedImporter) -> (artifact id: 'd516859e133cf9000905f5fb6078c4a2') in 0.039999 seconds
Number of updated asset objects reloaded before import = 0Number of asset objects unloaded after import = 1

========================================================================
Received Import Request.
  Time since last request: 0.000026 seconds.
  path: Assets/People/Male_3.fbm/Male_3_Body_Normal.png
  artifactKey: Guid(0345709218e4b48aeaf9c09270f5416b) Importer(2089858483,192608db42251d675da83286b1cce702)
Start importing Assets/People/Male_3.fbm/Male_3_Body_Normal.png using Guid(0345709218e4b48aeaf9c09270f5416b) Importer(2089858483,192608db42251d675da83286b1cce702) (ScriptedImporter) -> (artifact id: '4af0d79c0c990805a6b1fa393fe3872c') in 0.0201893 seconds
Number of updated asset objects reloaded before import = 0Number of asset objects unloaded after import = 1

========================================================================
Received Import Request.
  Time since last request: 0.000026 seconds.
  path: Assets/Street/Resources/Assets/Pictures/TejadoBlock04_1.jpg
  artifactKey: Guid(8c88ce0ee7153a1488d37f581438fae2) Importer(2089858483,192608db42251d675da83286b1cce702)
Start importing Assets/Street/Resources/Assets/Pictures/TejadoBlock04_1.jpg using Guid(8c88ce0ee7153a1488d37f581438fae2) Importer(2089858483,192608db42251d675da83286b1cce702) (ScriptedImporter) -> (artifact id: 'a5f1c8a179b805b8e8120206262f488b') in 0.0462865 seconds
Number of updated asset objects reloaded before import = 0Number of asset objects unloaded after import = 1

========================================================================
Received Import Request.
  Time since last request: 0.000018 seconds.
  path: Assets/Street/Resources/Assets/Pictures/cartelBlock04.jpg
  artifactKey: Guid(bbc1b5c6b4c521540a82f0bb3c9413dc) Importer(2089858483,192608db42251d675da83286b1cce702)
Start importing Assets/Street/Resources/Assets/Pictures/cartelBlock04.jpg using Guid(bbc1b5c6b4c521540a82f0bb3c9413dc) Importer(2089858483,192608db42251d675da83286b1cce702) (ScriptedImporter) -> (artifact id: 'a580258d56f24b842698506a5fba3868') in 0.0443865 seconds
Number of updated asset objects reloaded before import = 0Number of asset objects unloaded after import = 1

========================================================================
Received Import Request.
  Time since last request: 0.000028 seconds.
  path: Assets/StarterAssets/Environment/Art/Textures/Grid_01_BaseMap.png
  artifactKey: Guid(d1118dda59970a2449ee890fa247c4c5) Importer(2089858483,192608db42251d675da83286b1cce702)
Start importing Assets/StarterAssets/Environment/Art/Textures/Grid_01_BaseMap.png using Guid(d1118dda59970a2449ee890fa247c4c5) Importer(2089858483,192608db42251d675da83286b1cce702) (ScriptedImporter) -> (artifact id: 'f6224ad90d1c354121bcb9e610d0cbf5') in 0.0399041 seconds
Number of updated asset objects reloaded before import = 0Number of asset objects unloaded after import = 1

========================================================================
Received Import Request.
  Time since last request: 0.000021 seconds.
  path: Assets/Street/Resources/Assets/Pictures/TejadoBloque5_0.jpg
  artifactKey: Guid(5dad7f5fca43aaa4fb9fb70bd0cd3eb3) Importer(2089858483,192608db42251d675da83286b1cce702)
Start importing Assets/Street/Resources/Assets/Pictures/TejadoBloque5_0.jpg using Guid(5dad7f5fca43aaa4fb9fb70bd0cd3eb3) Importer(2089858483,192608db42251d675da83286b1cce702) (ScriptedImporter) -> (artifact id: 'a072b09aba5a9de70f976730b3e6e4d2') in 0.0400759 seconds
Number of updated asset objects reloaded before import = 0Number of asset objects unloaded after import = 1

========================================================================
Received Import Request.
  Time since last request: 0.000033 seconds.
  path: Assets/People/Materials/Brutius_Hat_Diffuse.mat
  artifactKey: Guid(27451b1ed9ef14400a68803c0e9183b2) Importer(2089858483,192608db42251d675da83286b1cce702)
Start importing Assets/People/Materials/Brutius_Hat_Diffuse.mat using Guid(27451b1ed9ef14400a68803c0e9183b2) Importer(2089858483,192608db42251d675da83286b1cce702) (ScriptedImporter) -> (artifact id: '55f8ca0b7d7119414a5cfcf615ca38cb') in 0.0224747 seconds
Number of updated asset objects reloaded before import = 0Number of asset objects unloaded after import = 4

========================================================================
Received Import Request.
  Time since last request: 0.000020 seconds.
  path: Assets/People/regina@Dwarf Idle.fbm/Regina_Shoes_Opacity.png
  artifactKey: Guid(5a7cd4d92ca9b46fbbab4271a5ff5e8e) Importer(2089858483,192608db42251d675da83286b1cce702)
Start importing Assets/People/regina@Dwarf Idle.fbm/Regina_Shoes_Opacity.png using Guid(5a7cd4d92ca9b46fbbab4271a5ff5e8e) Importer(2089858483,192608db42251d675da83286b1cce702) (ScriptedImporter) -> (artifact id: '36b880bc366ce0e17c7ea1b20bd75fb2') in 0.0444429 seconds
Number of updated asset objects reloaded before import = 0Number of asset objects unloaded after import = 1

========================================================================
Received Import Request.
  Time since last request: 0.000031 seconds.
  path: Assets/Street/Resources/Assets/Pictures/Shops0052_Spaz3.jpg
  artifactKey: Guid(69d997f3d1c153e4cb4e3e364c766837) Importer(2089858483,192608db42251d675da83286b1cce702)
Start importing Assets/Street/Resources/Assets/Pictures/Shops0052_Spaz3.jpg using Guid(69d997f3d1c153e4cb4e3e364c766837) Importer(2089858483,192608db42251d675da83286b1cce702) (ScriptedImporter) -> (artifact id: '30bde1cd3f112da6ccd3c88ba5486b5a') in 0.0217149 seconds
Number of updated asset objects reloaded before import = 0Number of asset objects unloaded after import = 1

========================================================================
Received Import Request.
  Time since last request: 0.000020 seconds.
  path: Assets/Street/Resources/Assets/Pictures/TejadoBlock04_2.jpg
  artifactKey: Guid(d420fe1037ca50d4389cc5685cefbc81) Importer(2089858483,192608db42251d675da83286b1cce702)
Start importing Assets/Street/Resources/Assets/Pictures/TejadoBlock04_2.jpg using Guid(d420fe1037ca50d4389cc5685cefbc81) Importer(2089858483,192608db42251d675da83286b1cce702) (ScriptedImporter) -> (artifact id: 'db027d7e23a874d2eb1b10008fd53cd2') in 0.046296 seconds
Number of updated asset objects reloaded before import = 0Number of asset objects unloaded after import = 1

========================================================================
Received Import Request.
  Time since last request: 0.000027 seconds.
  path: Assets/Street/Resources/Assets/Materials/TejadoAssetBlock01_3.mat
  artifactKey: Guid(975c33c96c18ea443a671a2728ab244c) Importer(2089858483,192608db42251d675da83286b1cce702)
Start importing Assets/Street/Resources/Assets/Materials/TejadoAssetBlock01_3.mat using Guid(975c33c96c18ea443a671a2728ab244c) Importer(2089858483,192608db42251d675da83286b1cce702) (ScriptedImporter) -> (artifact id: '24a6e7643d9af0e4015def42cb2aa5ab') in 0.0674246 seconds
Number of updated asset objects reloaded before import = 0Number of asset objects unloaded after import = 3

========================================================================
Received Import Request.
  Time since last request: 0.000021 seconds.
  path: Assets/People/Brutius.fbm/Brutius_Bottom_Diffuse.png
  artifactKey: Guid(6c761eae741d84942b6240e70770af50) Importer(2089858483,192608db42251d675da83286b1cce702)
Start importing Assets/People/Brutius.fbm/Brutius_Bottom_Diffuse.png using Guid(6c761eae741d84942b6240e70770af50) Importer(2089858483,192608db42251d675da83286b1cce702) (ScriptedImporter) -> (artifact id: '07f7436cf931021ab18b5d650928db09') in 0.0170467 seconds
Number of updated asset objects reloaded before import = 0Number of asset objects unloaded after import = 1

========================================================================
Received Import Request.
  Time since last request: 0.000016 seconds.
  path: Assets/Street/Resources/Assets/Materials/TejadoBlock04_7.mat
  artifactKey: Guid(5b0f642de2e86e1469efbb044e0f0de9) Importer(2089858483,192608db42251d675da83286b1cce702)
Start importing Assets/Street/Resources/Assets/Materials/TejadoBlock04_7.mat using Guid(5b0f642de2e86e1469efbb044e0f0de9) Importer(2089858483,192608db42251d675da83286b1cce702) (ScriptedImporter) -> (artifact id: '8a3d0136b7399e18e62a4091dbfd93fb') in 0.0508851 seconds
Number of updated asset objects reloaded before import = 0Number of asset objects unloaded after import = 3

========================================================================
Received Import Request.
  Time since last request: 0.000029 seconds.
  path: Assets/Street/Resources/Assets/Pictures/periodico.jpg
  artifactKey: Guid(32ac36caffcd3454f8eef95415eeac16) Importer(2089858483,192608db42251d675da83286b1cce702)
Start importing Assets/Street/Resources/Assets/Pictures/periodico.jpg using Guid(32ac36caffcd3454f8eef95415eeac16) Importer(2089858483,192608db42251d675da83286b1cce702) (ScriptedImporter) -> (artifact id: '293166a41eb2d8e47e8fbce148c78bd5') in 0.0205927 seconds
Number of updated asset objects reloaded before import = 0Number of asset objects unloaded after import = 1

========================================================================
Received Import Request.
  Time since last request: 0.000035 seconds.
  path: Assets/People/Materials/Male_3_Bottom_Diffuse.mat
  artifactKey: Guid(38bc15c39cf7349b89a3dfa12a7015e5) Importer(2089858483,192608db42251d675da83286b1cce702)
Start importing Assets/People/Materials/Male_3_Bottom_Diffuse.mat using Guid(38bc15c39cf7349b89a3dfa12a7015e5) Importer(2089858483,192608db42251d675da83286b1cce702) (ScriptedImporter) -> (artifact id: '6593c90c86d1292914a4527751722f82') in 0.0216118 seconds
Number of updated asset objects reloaded before import = 0Number of asset objects unloaded after import = 4

========================================================================
Received Import Request.
  Time since last request: 0.000024 seconds.
  path: Assets/People/Male_2.fbm/Male_2_Shoes_Specular.png
  artifactKey: Guid(051fe44e60fc946dd996a3d9024f40ea) Importer(2089858483,192608db42251d675da83286b1cce702)
Start importing Assets/People/Male_2.fbm/Male_2_Shoes_Specular.png using Guid(051fe44e60fc946dd996a3d9024f40ea) Importer(2089858483,192608db42251d675da83286b1cce702) (ScriptedImporter) -> (artifact id: 'b2ef9741b0adcfd158133f8de9209ec9') in 0.0707608 seconds
Number of updated asset objects reloaded before import = 0Number of asset objects unloaded after import = 1

========================================================================
Received Import Request.
  Time since last request: 0.000025 seconds.
  path: Assets/Street/Resources/Assets/Materials/TejadoBlock04_4.mat
  artifactKey: Guid(183730d96d0c5ee459c6930b0ea31320) Importer(2089858483,192608db42251d675da83286b1cce702)
Start importing Assets/Street/Resources/Assets/Materials/TejadoBlock04_4.mat using Guid(183730d96d0c5ee459c6930b0ea31320) Importer(2089858483,192608db42251d675da83286b1cce702) (ScriptedImporter) -> (artifact id: 'a7b6eb25bf109dc8d839336c2d468eac') in 0.0735919 seconds
Number of updated asset objects reloaded before import = 0Number of asset objects unloaded after import = 3

========================================================================
Received Import Request.
  Time since last request: 0.000024 seconds.
  path: Assets/People/Girl_5.fbm/Girl_5_Top_Normal.png
  artifactKey: Guid(f6400d8c295214ee5bf720d28b04867b) Importer(2089858483,192608db42251d675da83286b1cce702)
Start importing Assets/People/Girl_5.fbm/Girl_5_Top_Normal.png using Guid(f6400d8c295214ee5bf720d28b04867b) Importer(2089858483,192608db42251d675da83286b1cce702) (ScriptedImporter) -> (artifact id: '9d494e79facd8e071c51165bc4484fc8') in 0.0201024 seconds
Number of updated asset objects reloaded before import = 0Number of asset objects unloaded after import = 1

========================================================================
Received Import Request.
  Time since last request: 0.000028 seconds.
  path: Assets/People/FunkeyMonkey.fbm/FunkeyMonkey_Shoes_Specular.png
  artifactKey: Guid(a4cec1c68d7004a0f90c09edc7f4d329) Importer(2089858483,192608db42251d675da83286b1cce702)
Start importing Assets/People/FunkeyMonkey.fbm/FunkeyMonkey_Shoes_Specular.png using Guid(a4cec1c68d7004a0f90c09edc7f4d329) Importer(2089858483,192608db42251d675da83286b1cce702) (ScriptedImporter) -> (artifact id: '1b1590aaf28f1eb87a5512ab6d8bf9ed') in 0.0398579 seconds
Number of updated asset objects reloaded before import = 0Number of asset objects unloaded after import = 1

========================================================================
Received Import Request.
  Time since last request: 0.000025 seconds.
  path: Assets/Street/Resources/Assets/Materials/Trafficlight-Material8.mat
  artifactKey: Guid(4c5f9c788add9c8409c3a91d374c274a) Importer(2089858483,192608db42251d675da83286b1cce702)
Start importing Assets/Street/Resources/Assets/Materials/Trafficlight-Material8.mat using Guid(4c5f9c788add9c8409c3a91d374c274a) Importer(2089858483,192608db42251d675da83286b1cce702) (ScriptedImporter) -> (artifact id: '62f58d76746e3b4c65a097849190c034') in 0.0185878 seconds
Number of updated asset objects reloaded before import = 0Number of asset objects unloaded after import = 3

========================================================================
Received Import Request.
  Time since last request: 0.000020 seconds.
  path: Assets/Street/Resources/Assets/Pictures/Shops0054_M_paz.jpg
  artifactKey: Guid(5778f78ffc4db8a4abce5e9c701adb9c) Importer(2089858483,192608db42251d675da83286b1cce702)
Start importing Assets/Street/Resources/Assets/Pictures/Shops0054_M_paz.jpg using Guid(5778f78ffc4db8a4abce5e9c701adb9c) Importer(2089858483,192608db42251d675da83286b1cce702) (ScriptedImporter) -> (artifact id: '397252d0cef666c6304f02efa5e4fe9b') in 0.0331152 seconds
Number of updated asset objects reloaded before import = 0Number of asset objects unloaded after import = 1

========================================================================
Received Import Request.
  Time since last request: 0.000023 seconds.
  path: Assets/People/Male_1.fbm/Male_1_Top_Specular.png
  artifactKey: Guid(c734e3a4e2eb94d7cb17fd4fc9c157ed) Importer(2089858483,192608db42251d675da83286b1cce702)
Start importing Assets/People/Male_1.fbm/Male_1_Top_Specular.png using Guid(c734e3a4e2eb94d7cb17fd4fc9c157ed) Importer(2089858483,192608db42251d675da83286b1cce702) (ScriptedImporter) -> (artifact id: 'd3b7d7f16c96b73fd17c5a15f831f3b0') in 0.0456356 seconds
Number of updated asset objects reloaded before import = 0Number of asset objects unloaded after import = 1

========================================================================
Received Import Request.
  Time since last request: 0.000030 seconds.
  path: Assets/Street/Resources/Trees/Sources/Materials/BigTree_bark.mat
  artifactKey: Guid(efa98d27390e79d4db284aeb5e60d4b9) Importer(2089858483,192608db42251d675da83286b1cce702)
Start importing Assets/Street/Resources/Trees/Sources/Materials/BigTree_bark.mat using Guid(efa98d27390e79d4db284aeb5e60d4b9) Importer(2089858483,192608db42251d675da83286b1cce702) (ScriptedImporter) -> (artifact id: 'a1974e09be03944e80415da6d5f2ec32') in 0.0548538 seconds
Number of updated asset objects reloaded before import = 0Number of asset objects unloaded after import = 3

========================================================================
Received Import Request.
  Time since last request: 0.000029 seconds.
  path: Assets/People/Materials
  artifactKey: Guid(ea9a165716ded4ee3b5f1318e61e2eca) Importer(2089858483,192608db42251d675da83286b1cce702)
Start importing Assets/People/Materials using Guid(ea9a165716ded4ee3b5f1318e61e2eca) Importer(2089858483,192608db42251d675da83286b1cce702) (ScriptedImporter) -> (artifact id: '9283a388b1b97d2fa0c54a41f4cd7186') in 0.0104509 seconds
Number of updated asset objects reloaded before import = 0Number of asset objects unloaded after import = 1

========================================================================
Received Import Request.
  Time since last request: 0.000017 seconds.
  path: Assets/Street/Resources/Assets/Materials/bank_sign_01.mat
  artifactKey: Guid(0f8d7583f4b59dd4692a41c9249844de) Importer(2089858483,192608db42251d675da83286b1cce702)
Start importing Assets/Street/Resources/Assets/Materials/bank_sign_01.mat using Guid(0f8d7583f4b59dd4692a41c9249844de) Importer(2089858483,192608db42251d675da83286b1cce702) (ScriptedImporter) -> (artifact id: '561383b38cc5122ddd32783b17524cdc') in 0.038321 seconds
Number of updated asset objects reloaded before import = 0Number of asset objects unloaded after import = 3

========================================================================
Received Import Request.
  Time since last request: 0.000029 seconds.
  path: Assets/People/regina@Running.fbm/Regina_Body_Opacity.png
  artifactKey: Guid(daecf0a969a824d5192018745820b030) Importer(2089858483,192608db42251d675da83286b1cce702)
Start importing Assets/People/regina@Running.fbm/Regina_Body_Opacity.png using Guid(daecf0a969a824d5192018745820b030) Importer(2089858483,192608db42251d675da83286b1cce702) (ScriptedImporter) -> (artifact id: 'f0d6efd23915c4e6b554db3cf86d2424') in 0.0231108 seconds
Number of updated asset objects reloaded before import = 0Number of asset objects unloaded after import = 1

========================================================================
Received Import Request.
  Time since last request: 0.000028 seconds.
  path: Assets/People/Brutius.fbm/Brutius_Top_Normal.png
  artifactKey: Guid(b4df62abc15fa45edb350cc2e9e3d19f) Importer(2089858483,192608db42251d675da83286b1cce702)
Start importing Assets/People/Brutius.fbm/Brutius_Top_Normal.png using Guid(b4df62abc15fa45edb350cc2e9e3d19f) Importer(2089858483,192608db42251d675da83286b1cce702) (ScriptedImporter) -> (artifact id: 'a1ddd7dbde96837ca42a2c1fa5684d70') in 0.0166426 seconds
Number of updated asset objects reloaded before import = 0Number of asset objects unloaded after import = 1

========================================================================
Received Import Request.
  Time since last request: 0.000018 seconds.
  path: Assets/People/Girl_4.fbm/Girl_4_Hair_Opacity.png
  artifactKey: Guid(2d8ec29eed1f843afbb0f7ab4a50fa83) Importer(2089858483,192608db42251d675da83286b1cce702)
Start importing Assets/People/Girl_4.fbm/Girl_4_Hair_Opacity.png using Guid(2d8ec29eed1f843afbb0f7ab4a50fa83) Importer(2089858483,192608db42251d675da83286b1cce702) (ScriptedImporter) -> (artifact id: '16b785c1f820534b239d63d0293c24ca') in 0.0338392 seconds
Number of updated asset objects reloaded before import = 0Number of asset objects unloaded after import = 1

========================================================================
Received Import Request.
  Time since last request: 0.000025 seconds.
  path: Assets/Street/Resources/Assets/Pictures/Tejado01Block01_5.jpg
  artifactKey: Guid(dcb7d0b99e1f97a49b11b3b3a006e3ca) Importer(2089858483,192608db42251d675da83286b1cce702)
Start importing Assets/Street/Resources/Assets/Pictures/Tejado01Block01_5.jpg using Guid(dcb7d0b99e1f97a49b11b3b3a006e3ca) Importer(2089858483,192608db42251d675da83286b1cce702) (ScriptedImporter) -> (artifact id: 'a55b12969d43a595a0519f1d261a9bd5') in 0.0365461 seconds
Number of updated asset objects reloaded before import = 0Number of asset objects unloaded after import = 1

========================================================================
Received Import Request.
  Time since last request: 0.000020 seconds.
  path: Assets/People/regina@Dwarf Idle.fbm/Regina_Hat_Specular.png
  artifactKey: Guid(18022081e64344394b13d086c6b944c5) Importer(2089858483,192608db42251d675da83286b1cce702)
Start importing Assets/People/regina@Dwarf Idle.fbm/Regina_Hat_Specular.png using Guid(18022081e64344394b13d086c6b944c5) Importer(2089858483,192608db42251d675da83286b1cce702) (ScriptedImporter) -> (artifact id: 'e78f6065983c1449476072126bbd8a60') in 0.0138972 seconds
Number of updated asset objects reloaded before import = 0Number of asset objects unloaded after import = 1

========================================================================
Received Import Request.
  Time since last request: 0.000032 seconds.
  path: Assets/Street/Resources/Assets/Pictures/sign_002.jpg
  artifactKey: Guid(cc3400f7a1fcc654ca4c950ccda3f6b9) Importer(2089858483,192608db42251d675da83286b1cce702)
Start importing Assets/Street/Resources/Assets/Pictures/sign_002.jpg using Guid(cc3400f7a1fcc654ca4c950ccda3f6b9) Importer(2089858483,192608db42251d675da83286b1cce702) (ScriptedImporter) -> (artifact id: '5a355e7e526cdf005941e7eb05f9de57') in 0.0371572 seconds
Number of updated asset objects reloaded before import = 0Number of asset objects unloaded after import = 1

========================================================================
Received Import Request.
  Time since last request: 0.000019 seconds.
  path: Assets/StarterAssets/Environment/Art/Models/Box_350x250x200_Mesh.fbx
  artifactKey: Guid(c6a55ba99e9e99d41b7eef123e311a43) Importer(2089858483,192608db42251d675da83286b1cce702)
Start importing Assets/StarterAssets/Environment/Art/Models/Box_350x250x200_Mesh.fbx using Guid(c6a55ba99e9e99d41b7eef123e311a43) Importer(2089858483,192608db42251d675da83286b1cce702) (ScriptedImporter) -> (artifact id: 'a35d326cd638c7732a6f05e9bd9e0b74') in 0.0211496 seconds
Number of updated asset objects reloaded before import = 0Number of asset objects unloaded after import = 8

========================================================================
Received Import Request.
  Time since last request: 0.000019 seconds.
  path: Assets/Street/Resources/Assets/Chairs.fbx
  artifactKey: Guid(ce743c2438a425142b98835a209545c1) Importer(2089858483,192608db42251d675da83286b1cce702)
Start importing Assets/Street/Resources/Assets/Chairs.fbx using Guid(ce743c2438a425142b98835a209545c1) Importer(2089858483,192608db42251d675da83286b1cce702) (ScriptedImporter) -> (artifact id: '9a2fa0390a0476346bb2f6812ec22256') in 0.0262813 seconds
Number of updated asset objects reloaded before import = 0Number of asset objects unloaded after import = 12

========================================================================
Received Import Request.
  Time since last request: 0.000018 seconds.
  path: Assets/Street/Resources/Assets/Materials/tents_blocks_05-08_08.mat
  artifactKey: Guid(16cafb984f94e724db4fedcc5d214cec) Importer(2089858483,192608db42251d675da83286b1cce702)
Start importing Assets/Street/Resources/Assets/Materials/tents_blocks_05-08_08.mat using Guid(16cafb984f94e724db4fedcc5d214cec) Importer(2089858483,192608db42251d675da83286b1cce702) (ScriptedImporter) -> (artifact id: '343f059629382aca12ee811025bf472c') in 0.0919874 seconds
Number of updated asset objects reloaded before import = 0Number of asset objects unloaded after import = 3

========================================================================
Received Import Request.
  Time since last request: 0.000024 seconds.
  path: Assets/People/Male_2.fbm/Male_2_Bottom_Normal.png
  artifactKey: Guid(877964927f5d5476fa7a470eb37e3d67) Importer(2089858483,192608db42251d675da83286b1cce702)
Start importing Assets/People/Male_2.fbm/Male_2_Bottom_Normal.png using Guid(877964927f5d5476fa7a470eb37e3d67) Importer(2089858483,192608db42251d675da83286b1cce702) (ScriptedImporter) -> (artifact id: '3fba4789cbfdbdb0c1def2f591914224') in 0.0159076 seconds
Number of updated asset objects reloaded before import = 0Number of asset objects unloaded after import = 1

========================================================================
Received Import Request.
  Time since last request: 0.000027 seconds.
  path: Assets/Street/Resources/Assets/Pictures/TejadoAssetBlock01_5.jpg
  artifactKey: Guid(fe8ee3404b6feff49acafc26229554fb) Importer(2089858483,192608db42251d675da83286b1cce702)
Start importing Assets/Street/Resources/Assets/Pictures/TejadoAssetBlock01_5.jpg using Guid(fe8ee3404b6feff49acafc26229554fb) Importer(2089858483,192608db42251d675da83286b1cce702) (ScriptedImporter) -> (artifact id: '8a5b4072956bc66157db58ef0ef18854') in 0.0584187 seconds
Number of updated asset objects reloaded before import = 0Number of asset objects unloaded after import = 1

========================================================================
Received Import Request.
  Time since last request: 0.000024 seconds.
  path: Assets/Street/Resources/Assets/Materials/_01___Default2.mat
  artifactKey: Guid(5c5b354c9563c6f4a9bba3e74c711c16) Importer(2089858483,192608db42251d675da83286b1cce702)
Start importing Assets/Street/Resources/Assets/Materials/_01___Default2.mat using Guid(5c5b354c9563c6f4a9bba3e74c711c16) Importer(2089858483,192608db42251d675da83286b1cce702) (ScriptedImporter) -> (artifact id: '6ec81c6d4220a179039a7b981a569f3f') in 0.0443813 seconds
Number of updated asset objects reloaded before import = 0Number of asset objects unloaded after import = 2

========================================================================
Received Import Request.
  Time since last request: 0.000017 seconds.
  path: Assets/People/Male_3.fbm/Male_3_Shoes_Gloss.png
  artifactKey: Guid(88ee5fadb616c4c02a5c2fe31d871479) Importer(2089858483,192608db42251d675da83286b1cce702)
Start importing Assets/People/Male_3.fbm/Male_3_Shoes_Gloss.png using Guid(88ee5fadb616c4c02a5c2fe31d871479) Importer(2089858483,192608db42251d675da83286b1cce702) (ScriptedImporter) -> (artifact id: 'dd6fd5f31f0df9df681e6457967e7574') in 0.0372965 seconds
Number of updated asset objects reloaded before import = 0Number of asset objects unloaded after import = 1

========================================================================
Received Import Request.
  Time since last request: 0.000047 seconds.
  path: Assets/Street/Resources/Assets/roof08.fbx
  artifactKey: Guid(0d9301c6050e8464f8675fc4e86723e4) Importer(2089858483,192608db42251d675da83286b1cce702)
Start importing Assets/Street/Resources/Assets/roof08.fbx using Guid(0d9301c6050e8464f8675fc4e86723e4) Importer(2089858483,192608db42251d675da83286b1cce702) (ScriptedImporter) -> (artifact id: '0cdbc25cf545f89b3fa3d8ebd267ebfb') in 0.1573 seconds
Number of updated asset objects reloaded before import = 0Number of asset objects unloaded after import = 678

========================================================================
Received Import Request.
  Time since last request: 0.000032 seconds.
  path: Assets/Street/Resources/Assets/Materials/TejadoBlock03_2.mat
  artifactKey: Guid(26dd35e4348dcf64d8f366122a94f11e) Importer(2089858483,192608db42251d675da83286b1cce702)
Start importing Assets/Street/Resources/Assets/Materials/TejadoBlock03_2.mat using Guid(26dd35e4348dcf64d8f366122a94f11e) Importer(2089858483,192608db42251d675da83286b1cce702) (ScriptedImporter) -> (artifact id: 'c6a9d0502099b65985ebc1d3a1bba309') in 0.0725604 seconds
Number of updated asset objects reloaded before import = 0Number of asset objects unloaded after import = 3

========================================================================
Received Import Request.
  Time since last request: 0.000025 seconds.
  path: Assets/Street/Resources/Assets/Pictures/variosAcera.jpg
  artifactKey: Guid(018a46134f88c5b418fbb01492bf7ae6) Importer(2089858483,192608db42251d675da83286b1cce702)
Start importing Assets/Street/Resources/Assets/Pictures/variosAcera.jpg using Guid(018a46134f88c5b418fbb01492bf7ae6) Importer(2089858483,192608db42251d675da83286b1cce702) (ScriptedImporter) -> (artifact id: 'd8634ded94f1a471aa1d97f827bda356') in 0.0188627 seconds
Number of updated asset objects reloaded before import = 0Number of asset objects unloaded after import = 1

========================================================================
Received Import Request.
  Time since last request: 0.000016 seconds.
  path: Assets/People/Girl_2.fbm/Girl_2_Hair_Diffuse.png
  artifactKey: Guid(e308200ae53234b4988ed2ebf7d24e4a) Importer(2089858483,192608db42251d675da83286b1cce702)
Start importing Assets/People/Girl_2.fbm/Girl_2_Hair_Diffuse.png using Guid(e308200ae53234b4988ed2ebf7d24e4a) Importer(2089858483,192608db42251d675da83286b1cce702) (ScriptedImporter) -> (artifact id: '3eacc2e7efa24b42a601725860941f65') in 0.0181527 seconds
Number of updated asset objects reloaded before import = 0Number of asset objects unloaded after import = 1

========================================================================
Received Import Request.
  Time since last request: 0.000018 seconds.
  path: Assets/Street/Resources/Assets/Materials/TejadoBloque7_0.mat
  artifactKey: Guid(3d58a90ef7cc66146ba47d0ae9c56c32) Importer(2089858483,192608db42251d675da83286b1cce702)
Start importing Assets/Street/Resources/Assets/Materials/TejadoBloque7_0.mat using Guid(3d58a90ef7cc66146ba47d0ae9c56c32) Importer(2089858483,192608db42251d675da83286b1cce702) (ScriptedImporter) -> (artifact id: 'b491f135e5414711e78887995014c714') in 0.082059 seconds
Number of updated asset objects reloaded before import = 0Number of asset objects unloaded after import = 3

========================================================================
Received Import Request.
  Time since last request: 0.000035 seconds.
  path: Assets/People/Girl_4.fbm/Girl_4_Bottom_Opacity.png
  artifactKey: Guid(d34a48d187ccb4e17b7148895482bcc2) Importer(2089858483,192608db42251d675da83286b1cce702)
Start importing Assets/People/Girl_4.fbm/Girl_4_Bottom_Opacity.png using Guid(d34a48d187ccb4e17b7148895482bcc2) Importer(2089858483,192608db42251d675da83286b1cce702) (ScriptedImporter) -> (artifact id: '10a8893930c6cb2b185fb67f3c2b180b') in 0.0918277 seconds
Number of updated asset objects reloaded before import = 0Number of asset objects unloaded after import = 1

========================================================================
Received Import Request.
  Time since last request: 0.000021 seconds.
  path: Assets/People/Male_2.fbm/Male_2_Shoes_Opacity.png
  artifactKey: Guid(2256287729da94be3a2db9036cde97af) Importer(2089858483,192608db42251d675da83286b1cce702)
Start importing Assets/People/Male_2.fbm/Male_2_Shoes_Opacity.png using Guid(2256287729da94be3a2db9036cde97af) Importer(2089858483,192608db42251d675da83286b1cce702) (ScriptedImporter) -> (artifact id: '42eed914b23c6bb5a2097eaf3c696c67') in 0.0370277 seconds
Number of updated asset objects reloaded before import = 0Number of asset objects unloaded after import = 1

========================================================================
Received Import Request.
  Time since last request: 0.000020 seconds.
  path: Assets/Street/Resources/Assets/Materials/TejadoBlock04_8.mat
  artifactKey: Guid(68c5fd58ec30d984dab78964c474460b) Importer(2089858483,192608db42251d675da83286b1cce702)
Start importing Assets/Street/Resources/Assets/Materials/TejadoBlock04_8.mat using Guid(68c5fd58ec30d984dab78964c474460b) Importer(2089858483,192608db42251d675da83286b1cce702) (ScriptedImporter) -> (artifact id: '6cdf2f299c1c56ccd69aa4a239e6d583') in 0.071392 seconds
Number of updated asset objects reloaded before import = 0Number of asset objects unloaded after import = 3

========================================================================
Received Import Request.
  Time since last request: 0.000057 seconds.
  path: Assets/People/Male_2.fbm/Male_2_Top_Normal.png
  artifactKey: Guid(d817e94d562d34010812eed8031a9a7b) Importer(2089858483,192608db42251d675da83286b1cce702)
Start importing Assets/People/Male_2.fbm/Male_2_Top_Normal.png using Guid(d817e94d562d34010812eed8031a9a7b) Importer(2089858483,192608db42251d675da83286b1cce702) (ScriptedImporter) -> (artifact id: '8aff05660e9ab6dc49d1a10d4ff22381') in 0.0475139 seconds
Number of updated asset objects reloaded before import = 0Number of asset objects unloaded after import = 1

========================================================================
Received Import Request.
  Time since last request: 0.000029 seconds.
  path: Assets/Street/Resources/Assets/Materials/TejadoBlock04_2.mat
  artifactKey: Guid(6cbccfad010f4d542914fdf710dd86ae) Importer(2089858483,192608db42251d675da83286b1cce702)
Start importing Assets/Street/Resources/Assets/Materials/TejadoBlock04_2.mat using Guid(6cbccfad010f4d542914fdf710dd86ae) Importer(2089858483,192608db42251d675da83286b1cce702) (ScriptedImporter) -> (artifact id: '732154d1e8c92129f237f395e20d79d1') in 0.0429653 seconds
Number of updated asset objects reloaded before import = 0Number of asset objects unloaded after import = 3

========================================================================
Received Import Request.
  Time since last request: 0.000030 seconds.
  path: Assets/Crowd/NavMesh-CityBlock.asset
  artifactKey: Guid(5850689632d0a4f54911567b7caed5e8) Importer(2089858483,192608db42251d675da83286b1cce702)
Start importing Assets/Crowd/NavMesh-CityBlock.asset using Guid(5850689632d0a4f54911567b7caed5e8) Importer(2089858483,192608db42251d675da83286b1cce702) (ScriptedImporter) -> (artifact id: '16b9613088edecacc57de8d19a35f149') in 0.0121707 seconds
Number of updated asset objects reloaded before import = 0Number of asset objects unloaded after import = 1

========================================================================
Received Import Request.
  Time since last request: 0.000019 seconds.
  path: Assets/People/Girl_1.fbm/Girl_1_Top_Gloss.png
  artifactKey: Guid(a9592665c689b4c21b339ca1d8c75c1c) Importer(2089858483,192608db42251d675da83286b1cce702)
Start importing Assets/People/Girl_1.fbm/Girl_1_Top_Gloss.png using Guid(a9592665c689b4c21b339ca1d8c75c1c) Importer(2089858483,192608db42251d675da83286b1cce702) (ScriptedImporter) -> (artifact id: '84ca9462c72abd4b3bbc9b47448805f3') in 0.0429256 seconds
Number of updated asset objects reloaded before import = 0Number of asset objects unloaded after import = 1

========================================================================
Received Import Request.
  Time since last request: 0.000043 seconds.
  path: Assets/People/Materials/Girl_5_Shoes_Diffuse.mat
  artifactKey: Guid(a673653a628324cb8881fd3742b55e36) Importer(2089858483,192608db42251d675da83286b1cce702)
Start importing Assets/People/Materials/Girl_5_Shoes_Diffuse.mat using Guid(a673653a628324cb8881fd3742b55e36) Importer(2089858483,192608db42251d675da83286b1cce702) (ScriptedImporter) -> (artifact id: 'cedca0986d1088cefc6b3e102e5fed9a') in 0.0155638 seconds
Number of updated asset objects reloaded before import = 0Number of asset objects unloaded after import = 4

========================================================================
Received Import Request.
  Time since last request: 0.000022 seconds.
  path: Assets/Street/Resources/Trees/Sources
  artifactKey: Guid(3297746856014452c91fa6685756341c) Importer(2089858483,192608db42251d675da83286b1cce702)
Start importing Assets/Street/Resources/Trees/Sources using Guid(3297746856014452c91fa6685756341c) Importer(2089858483,192608db42251d675da83286b1cce702) (ScriptedImporter) -> (artifact id: 'e0c6a4a0d6b93506158c76e21af92e78') in 0.0106121 seconds
Number of updated asset objects reloaded before import = 0Number of asset objects unloaded after import = 1

========================================================================
Received Import Request.
  Time since last request: 0.000022 seconds.
  path: Assets/Street/Resources/Assets/Materials/Skyboxes/Textures/Sunny1/Sunny1_up.tif
  artifactKey: Guid(8a98ef45bc7df804d95fd945abd2c943) Importer(2089858483,192608db42251d675da83286b1cce702)
Start importing Assets/Street/Resources/Assets/Materials/Skyboxes/Textures/Sunny1/Sunny1_up.tif using Guid(8a98ef45bc7df804d95fd945abd2c943) Importer(2089858483,192608db42251d675da83286b1cce702) (ScriptedImporter) -> (artifact id: '28a75c561a5a6eabd625a5e4f9ab5b6c') in 0.0262837 seconds
Number of updated asset objects reloaded before import = 0Number of asset objects unloaded after import = 1

========================================================================
Received Import Request.
  Time since last request: 0.000017 seconds.
  path: Assets/Street/Resources/Assets/Materials/highriseresidential0082_l_2.mat
  artifactKey: Guid(6ef61e5f3f04bd94a9a0c06fe98bb99c) Importer(2089858483,192608db42251d675da83286b1cce702)
Start importing Assets/Street/Resources/Assets/Materials/highriseresidential0082_l_2.mat using Guid(6ef61e5f3f04bd94a9a0c06fe98bb99c) Importer(2089858483,192608db42251d675da83286b1cce702) (ScriptedImporter) -> (artifact id: 'f5417b74e758f1393064f7cb56d62190') in 0.0389779 seconds
Number of updated asset objects reloaded before import = 0Number of asset objects unloaded after import = 3

========================================================================
Received Import Request.
  Time since last request: 0.000026 seconds.
  path: Assets/Street/Resources/Assets/lampost2.fbx
  artifactKey: Guid(4cadf139e880fb444bbf4e677048c9e4) Importer(2089858483,192608db42251d675da83286b1cce702)
Start importing Assets/Street/Resources/Assets/lampost2.fbx using Guid(4cadf139e880fb444bbf4e677048c9e4) Importer(2089858483,192608db42251d675da83286b1cce702) (ScriptedImporter) -> (artifact id: '4a9927cbb2a7fd16d53eecbaa9c5ad46') in 0.0234896 seconds
Number of updated asset objects reloaded before import = 0Number of asset objects unloaded after import = 11

========================================================================
Received Import Request.
  Time since last request: 0.000032 seconds.
  path: Assets/Street/Resources/Assets/Pictures/TejadoBlock05_0.jpg
  artifactKey: Guid(d3e7aa235382ae94b941064ed311e095) Importer(2089858483,192608db42251d675da83286b1cce702)
Start importing Assets/Street/Resources/Assets/Pictures/TejadoBlock05_0.jpg using Guid(d3e7aa235382ae94b941064ed311e095) Importer(2089858483,192608db42251d675da83286b1cce702) (ScriptedImporter) -> (artifact id: 'd596bc5bbe2354fda63c869ae74ce06c') in 0.0490745 seconds
Number of updated asset objects reloaded before import = 0Number of asset objects unloaded after import = 1

========================================================================
Received Import Request.
  Time since last request: 0.000017 seconds.
  path: Assets/StarterAssets/Environment/Art/Models/Wall_Mesh.fbx
  artifactKey: Guid(ff02a0a00ab750f48b09459b1cafd1b8) Importer(2089858483,192608db42251d675da83286b1cce702)
Start importing Assets/StarterAssets/Environment/Art/Models/Wall_Mesh.fbx using Guid(ff02a0a00ab750f48b09459b1cafd1b8) Importer(2089858483,192608db42251d675da83286b1cce702) (ScriptedImporter) -> (artifact id: '6c9eaf17c42c743ad597cefe1af12683') in 0.0306224 seconds
Number of updated asset objects reloaded before import = 0Number of asset objects unloaded after import = 8

========================================================================
Received Import Request.
  Time since last request: 0.000025 seconds.
  path: Assets/Street/Resources/Assets/Materials/Sewer-flatiron_bake_result19.mat
  artifactKey: Guid(0742aeb52e7dc62429322d171412c389) Importer(2089858483,192608db42251d675da83286b1cce702)
Start importing Assets/Street/Resources/Assets/Materials/Sewer-flatiron_bake_result19.mat using Guid(0742aeb52e7dc62429322d171412c389) Importer(2089858483,192608db42251d675da83286b1cce702) (ScriptedImporter) -> (artifact id: '094893075850b211026e101303ffd499') in 0.0141815 seconds
Number of updated asset objects reloaded before import = 0Number of asset objects unloaded after import = 3

========================================================================
Received Import Request.
  Time since last request: 0.000025 seconds.
  path: Assets/People/Materials/Brutius_Top_Diffuse.mat
  artifactKey: Guid(50e29c0839a8b4d05b8041fe7933acb5) Importer(2089858483,192608db42251d675da83286b1cce702)
Start importing Assets/People/Materials/Brutius_Top_Diffuse.mat using Guid(50e29c0839a8b4d05b8041fe7933acb5) Importer(2089858483,192608db42251d675da83286b1cce702) (ScriptedImporter) -> (artifact id: '5c1c330320274c0daeaf8f4c93b8184a') in 0.1017867 seconds
Number of updated asset objects reloaded before import = 0Number of asset objects unloaded after import = 4

========================================================================
Received Import Request.
  Time since last request: 0.000028 seconds.
  path: Assets/People/Girl_1.fbm/Girl_1_Bottom_Specular.png
  artifactKey: Guid(991327b6750f240a88a7d547cbe33e95) Importer(2089858483,192608db42251d675da83286b1cce702)
Start importing Assets/People/Girl_1.fbm/Girl_1_Bottom_Specular.png using Guid(991327b6750f240a88a7d547cbe33e95) Importer(2089858483,192608db42251d675da83286b1cce702) (ScriptedImporter) -> (artifact id: 'f2558f30859d275dca7cbe03875ba701') in 0.0481939 seconds
Number of updated asset objects reloaded before import = 0Number of asset objects unloaded after import = 1

========================================================================
Received Import Request.
  Time since last request: 0.000025 seconds.
  path: Assets/People/Materials/Regina_Body_Diffuse.mat
  artifactKey: Guid(2c022df9e461d40cab722f7512cf0ea1) Importer(2089858483,192608db42251d675da83286b1cce702)
Start importing Assets/People/Materials/Regina_Body_Diffuse.mat using Guid(2c022df9e461d40cab722f7512cf0ea1) Importer(2089858483,192608db42251d675da83286b1cce702) (ScriptedImporter) -> (artifact id: '685ce9c5e7a010a5434e1024a93bb7a5') in 0.0851472 seconds
Number of updated asset objects reloaded before import = 0Number of asset objects unloaded after import = 3

========================================================================
Received Import Request.
  Time since last request: 0.000028 seconds.
  path: Assets/People/Girl_5.fbm/Girl_5_Body_Diffuse.png
  artifactKey: Guid(8c2367292d44f458e85c0ac75fde3963) Importer(2089858483,192608db42251d675da83286b1cce702)
Start importing Assets/People/Girl_5.fbm/Girl_5_Body_Diffuse.png using Guid(8c2367292d44f458e85c0ac75fde3963) Importer(2089858483,192608db42251d675da83286b1cce702) (ScriptedImporter) -> (artifact id: '64b0d1e1dc9bd518c8b080bbb42537c5') in 0.0167148 seconds
Number of updated asset objects reloaded before import = 0Number of asset objects unloaded after import = 1

========================================================================
Received Import Request.
  Time since last request: 0.000034 seconds.
  path: Assets/People/Girl_4.fbm/Girl_4_Shoes_Gloss.png
  artifactKey: Guid(3778095a50cb040febe87f3efa4b0dfd) Importer(2089858483,192608db42251d675da83286b1cce702)
Start importing Assets/People/Girl_4.fbm/Girl_4_Shoes_Gloss.png using Guid(3778095a50cb040febe87f3efa4b0dfd) Importer(2089858483,192608db42251d675da83286b1cce702) (ScriptedImporter) -> (artifact id: 'de9a2a2007b9355fa9690ecfacd87716') in 0.0454978 seconds
Number of updated asset objects reloaded before import = 0Number of asset objects unloaded after import = 1

========================================================================
Received Import Request.
  Time since last request: 0.000038 seconds.
  path: Assets/People/regina@Dwarf Idle.fbm/Regina_Top_Opacity.png
  artifactKey: Guid(6666ec06a622143cfb2578850ac4c14e) Importer(2089858483,192608db42251d675da83286b1cce702)
Start importing Assets/People/regina@Dwarf Idle.fbm/Regina_Top_Opacity.png using Guid(6666ec06a622143cfb2578850ac4c14e) Importer(2089858483,192608db42251d675da83286b1cce702) (ScriptedImporter) -> (artifact id: '13d7125b33c39f9c22eecd2d7b6e94d5') in 0.0473982 seconds
Number of updated asset objects reloaded before import = 0Number of asset objects unloaded after import = 1

========================================================================
Received Import Request.
  Time since last request: 0.000017 seconds.
  path: Assets/Street/Resources/Assets/Pictures/TejadoBloque8_0.jpg
  artifactKey: Guid(bebd7eddfcef8544b9711c6e4ee02e85) Importer(2089858483,192608db42251d675da83286b1cce702)
Start importing Assets/Street/Resources/Assets/Pictures/TejadoBloque8_0.jpg using Guid(bebd7eddfcef8544b9711c6e4ee02e85) Importer(2089858483,192608db42251d675da83286b1cce702) (ScriptedImporter) -> (artifact id: '177d26211971ab77e1ad15a28dddd21a') in 0.0472834 seconds
Number of updated asset objects reloaded before import = 0Number of asset objects unloaded after import = 1

========================================================================
Received Import Request.
  Time since last request: 0.000035 seconds.
  path: Assets/People/Male_1.fbm/Male_1_Bottom_Normal.png
  artifactKey: Guid(f8dbe62e78e2c4ed199e78d0075ec3d3) Importer(2089858483,192608db42251d675da83286b1cce702)
Start importing Assets/People/Male_1.fbm/Male_1_Bottom_Normal.png using Guid(f8dbe62e78e2c4ed199e78d0075ec3d3) Importer(2089858483,192608db42251d675da83286b1cce702) (ScriptedImporter) -> (artifact id: '41994a141222a2a88b805e2c833a936a') in 0.0169929 seconds
Number of updated asset objects reloaded before import = 0Number of asset objects unloaded after import = 1

========================================================================
Received Import Request.
  Time since last request: 0.000035 seconds.
  path: Assets/People/Girl_1.fbm/Girl_1_Hair_Normal.png
  artifactKey: Guid(1cd5dcf39337d4667b8ba9cc29196674) Importer(2089858483,192608db42251d675da83286b1cce702)
Start importing Assets/People/Girl_1.fbm/Girl_1_Hair_Normal.png using Guid(1cd5dcf39337d4667b8ba9cc29196674) Importer(2089858483,192608db42251d675da83286b1cce702) (ScriptedImporter) -> (artifact id: '8de08e14eaa38267b7bfc5d961b35796') in 0.0173225 seconds
Number of updated asset objects reloaded before import = 0Number of asset objects unloaded after import = 1

========================================================================
Received Import Request.
  Time since last request: 0.000022 seconds.
  path: Assets/Street/Resources/Assets/Materials/TejadoBloque6_3.mat
  artifactKey: Guid(4918e07ed2495a4439a87985a1bd379a) Importer(2089858483,192608db42251d675da83286b1cce702)
Start importing Assets/Street/Resources/Assets/Materials/TejadoBloque6_3.mat using Guid(4918e07ed2495a4439a87985a1bd379a) Importer(2089858483,192608db42251d675da83286b1cce702) (ScriptedImporter) -> (artifact id: '7e214e5e2d437d0b85ef00188766e772') in 0.0759759 seconds
Number of updated asset objects reloaded before import = 0Number of asset objects unloaded after import = 3

========================================================================
Received Import Request.
  Time since last request: 0.000032 seconds.
  path: Assets/People/Girl_5.fbm/Girl_5_Shoes_Specular.png
  artifactKey: Guid(986b6090667574adfaa6e9ae6ef7b07f) Importer(2089858483,192608db42251d675da83286b1cce702)
Start importing Assets/People/Girl_5.fbm/Girl_5_Shoes_Specular.png using Guid(986b6090667574adfaa6e9ae6ef7b07f) Importer(2089858483,192608db42251d675da83286b1cce702) (ScriptedImporter) -> (artifact id: 'c64e44a10778ba9dc3b3c2c18dc58da5') in 0.0503043 seconds
Number of updated asset objects reloaded before import = 0Number of asset objects unloaded after import = 1

========================================================================
Received Import Request.
  Time since last request: 0.000021 seconds.
  path: Assets/People/Girl_2.fbm/Girl_2_Hair_Specular.png
  artifactKey: Guid(af696717e76ae4ae98276c967bae3bec) Importer(2089858483,192608db42251d675da83286b1cce702)
Start importing Assets/People/Girl_2.fbm/Girl_2_Hair_Specular.png using Guid(af696717e76ae4ae98276c967bae3bec) Importer(2089858483,192608db42251d675da83286b1cce702) (ScriptedImporter) -> (artifact id: '060131df9771bd8aa8c2d20c53537686') in 0.0331457 seconds
Number of updated asset objects reloaded before import = 0Number of asset objects unloaded after import = 1

========================================================================
Received Import Request.
  Time since last request: 0.000025 seconds.
  path: Assets/People/regina@Walking.fbm/Regina_Bottom_Specular.png
  artifactKey: Guid(b41dd60cc64bdaa4f820dc37f722d074) Importer(2089858483,192608db42251d675da83286b1cce702)
Start importing Assets/People/regina@Walking.fbm/Regina_Bottom_Specular.png using Guid(b41dd60cc64bdaa4f820dc37f722d074) Importer(2089858483,192608db42251d675da83286b1cce702) (ScriptedImporter) -> (artifact id: 'a643220858d573f703a6d1f062e3c4d5') in 0.04536 seconds
Number of updated asset objects reloaded before import = 0Number of asset objects unloaded after import = 1

========================================================================
Received Import Request.
  Time since last request: 0.000023 seconds.
  path: Assets/People/regina@Running.fbm/Regina_Body_Diffuse.png
  artifactKey: Guid(dd48b0d66977a41b5aae7e73d472169d) Importer(2089858483,192608db42251d675da83286b1cce702)
Start importing Assets/People/regina@Running.fbm/Regina_Body_Diffuse.png using Guid(dd48b0d66977a41b5aae7e73d472169d) Importer(2089858483,192608db42251d675da83286b1cce702) (ScriptedImporter) -> (artifact id: 'e5626275764217d22b3e9a9c716a229b') in 0.0391451 seconds
Number of updated asset objects reloaded before import = 0Number of asset objects unloaded after import = 1

========================================================================
Received Import Request.
  Time since last request: 0.000019 seconds.
  path: Assets/People/Male_3.fbm/Male_3_Shoes_Normal.png
  artifactKey: Guid(601f33899ee7a4e9f9c30d4badec68c4) Importer(2089858483,192608db42251d675da83286b1cce702)
Start importing Assets/People/Male_3.fbm/Male_3_Shoes_Normal.png using Guid(601f33899ee7a4e9f9c30d4badec68c4) Importer(2089858483,192608db42251d675da83286b1cce702) (ScriptedImporter) -> (artifact id: '314923372e6a8d98e9f689ebd9304321') in 0.0170607 seconds
Number of updated asset objects reloaded before import = 0Number of asset objects unloaded after import = 1

========================================================================
Received Import Request.
  Time since last request: 0.000019 seconds.
  path: Assets/Street/Resources/Assets/Materials/BuildingsHighRise0308_2_L wall.mat
  artifactKey: Guid(cf75bb330b45e9b4a92ec9d0b3d48bec) Importer(2089858483,192608db42251d675da83286b1cce702)
Start importing Assets/Street/Resources/Assets/Materials/BuildingsHighRise0308_2_L wall.mat using Guid(cf75bb330b45e9b4a92ec9d0b3d48bec) Importer(2089858483,192608db42251d675da83286b1cce702) (ScriptedImporter) -> (artifact id: 'a6c69bba1090f59124f6e2f7b4bc6a22') in 0.0437306 seconds
Number of updated asset objects reloaded before import = 0Number of asset objects unloaded after import = 3

========================================================================
Received Import Request.
  Time since last request: 0.000029 seconds.
  path: Assets/People/Girl_4.fbm/Girl_4_Bottom_Diffuse.png
  artifactKey: Guid(72607f0110abc465782e5f2b3d7a982f) Importer(2089858483,192608db42251d675da83286b1cce702)
Start importing Assets/People/Girl_4.fbm/Girl_4_Bottom_Diffuse.png using Guid(72607f0110abc465782e5f2b3d7a982f) Importer(2089858483,192608db42251d675da83286b1cce702) (ScriptedImporter) -> (artifact id: '005d1b1744380e03af09a1b658c98b16') in 0.0298326 seconds
Number of updated asset objects reloaded before import = 0Number of asset objects unloaded after import = 1

========================================================================
Received Import Request.
  Time since last request: 0.000017 seconds.
  path: Assets/People/Male_3.fbm/Male_3_Shoes_Specular.png
  artifactKey: Guid(c8d3f6926c9cc4e0a985da718ba28600) Importer(2089858483,192608db42251d675da83286b1cce702)
Start importing Assets/People/Male_3.fbm/Male_3_Shoes_Specular.png using Guid(c8d3f6926c9cc4e0a985da718ba28600) Importer(2089858483,192608db42251d675da83286b1cce702) (ScriptedImporter) -> (artifact id: 'bc2db28f9a4c5ec3b91e16168b7a729b') in 0.0598073 seconds
Number of updated asset objects reloaded before import = 0Number of asset objects unloaded after import = 1

========================================================================
Received Import Request.
  Time since last request: 0.000022 seconds.
  path: Assets/Street/Resources/Assets/Pictures/Shops0012_1_S_paz_2.jpg
  artifactKey: Guid(1dd455aecd5708b4f9c0abda2dfe3fff) Importer(2089858483,192608db42251d675da83286b1cce702)
Start importing Assets/Street/Resources/Assets/Pictures/Shops0012_1_S_paz_2.jpg using Guid(1dd455aecd5708b4f9c0abda2dfe3fff) Importer(2089858483,192608db42251d675da83286b1cce702) (ScriptedImporter) -> (artifact id: '70ed902899d50266f9594805e0082137') in 0.0141252 seconds
Number of updated asset objects reloaded before import = 0Number of asset objects unloaded after import = 1

========================================================================
Received Import Request.
  Time since last request: 0.000027 seconds.
  path: Assets/Street/Resources/Assets/Pictures/TejadoBloque8_2.jpg
  artifactKey: Guid(d5547ca92a57a3644b4a855525bdc08d) Importer(2089858483,192608db42251d675da83286b1cce702)
Start importing Assets/Street/Resources/Assets/Pictures/TejadoBloque8_2.jpg using Guid(d5547ca92a57a3644b4a855525bdc08d) Importer(2089858483,192608db42251d675da83286b1cce702) (ScriptedImporter) -> (artifact id: '8a3a3d5d89450f32e2c7d7c1140ee610') in 0.0652746 seconds
Number of updated asset objects reloaded before import = 0Number of asset objects unloaded after import = 1

========================================================================
Received Import Request.
  Time since last request: 0.000035 seconds.
  path: Assets/Street/Resources/Assets/Materials/Podium_wood3.mat
  artifactKey: Guid(dde39ba2b154b1e40aec56b24cea7c49) Importer(2089858483,192608db42251d675da83286b1cce702)
Start importing Assets/Street/Resources/Assets/Materials/Podium_wood3.mat using Guid(dde39ba2b154b1e40aec56b24cea7c49) Importer(2089858483,192608db42251d675da83286b1cce702) (ScriptedImporter) -> (artifact id: 'f144efe43c51fd203b3f0149a2c40329') in 0.0395283 seconds
Number of updated asset objects reloaded before import = 0Number of asset objects unloaded after import = 2

========================================================================
Received Import Request.
  Time since last request: 0.000035 seconds.
  path: Assets/Street/Resources/Assets/Pictures/Bus.panel.jpg
  artifactKey: Guid(c83b30f96d3d6034b812eca5273f8394) Importer(2089858483,192608db42251d675da83286b1cce702)
Start importing Assets/Street/Resources/Assets/Pictures/Bus.panel.jpg using Guid(c83b30f96d3d6034b812eca5273f8394) Importer(2089858483,192608db42251d675da83286b1cce702) (ScriptedImporter) -> (artifact id: '9ef69214c78beb701199ee22e5462f5d') in 0.0164559 seconds
Number of updated asset objects reloaded before import = 0Number of asset objects unloaded after import = 1

========================================================================
Received Import Request.
  Time since last request: 0.000028 seconds.
  path: Assets/Street/Resources/Trees
  artifactKey: Guid(bb94b1319e62044298a627e6da9f34a7) Importer(2089858483,192608db42251d675da83286b1cce702)
Start importing Assets/Street/Resources/Trees using Guid(bb94b1319e62044298a627e6da9f34a7) Importer(2089858483,192608db42251d675da83286b1cce702) (ScriptedImporter) -> (artifact id: '7e989adaea9a4159c364faa133fc389a') in 0.02576 seconds
Number of updated asset objects reloaded before import = 0Number of asset objects unloaded after import = 1

========================================================================
Received Import Request.
  Time since last request: 0.000026 seconds.
  path: Assets/Street/Resources/Assets/Pictures/tents_blocks_05-08_03.jpg
  artifactKey: Guid(6e38f4e4f5fc47b4f8862635d2f1e7c2) Importer(2089858483,192608db42251d675da83286b1cce702)
Start importing Assets/Street/Resources/Assets/Pictures/tents_blocks_05-08_03.jpg using Guid(6e38f4e4f5fc47b4f8862635d2f1e7c2) Importer(2089858483,192608db42251d675da83286b1cce702) (ScriptedImporter) -> (artifact id: '74aa027653b77b0a31f847cc9dbc74f2') in 0.0160244 seconds
Number of updated asset objects reloaded before import = 0Number of asset objects unloaded after import = 1

========================================================================
Received Import Request.
  Time since last request: 0.000018 seconds.
  path: Assets/People/Girl_4.fbx
  artifactKey: Guid(4e5d39cef4a1f4fb59d8428223cd07f3) Importer(2089858483,192608db42251d675da83286b1cce702)
Start importing Assets/People/Girl_4.fbx using Guid(4e5d39cef4a1f4fb59d8428223cd07f3) Importer(2089858483,192608db42251d675da83286b1cce702) (ScriptedImporter) -> (artifact id: 'db41bf86d3d94ee8a30e678edeb63ebf') in 0.1075335 seconds
Number of updated asset objects reloaded before import = 0Number of asset objects unloaded after import = 169

========================================================================
Received Import Request.
  Time since last request: 0.000036 seconds.
  path: Assets/StarterAssets/TutorialInfo
  artifactKey: Guid(b3666c4e28d1eda44b016842185a972b) Importer(2089858483,192608db42251d675da83286b1cce702)
Start importing Assets/StarterAssets/TutorialInfo using Guid(b3666c4e28d1eda44b016842185a972b) Importer(2089858483,192608db42251d675da83286b1cce702) (ScriptedImporter) -> (artifact id: 'f1950788795f7454276ee6d6f9e3be2a') in 0.0108736 seconds
Number of updated asset objects reloaded before import = 0Number of asset objects unloaded after import = 1

========================================================================
Received Import Request.
  Time since last request: 0.000018 seconds.
  path: Assets/Street/Resources/Assets/Materials/TejadoBlock05_4.mat
  artifactKey: Guid(8df7e90f2a37523408787152c967a37f) Importer(2089858483,192608db42251d675da83286b1cce702)
Start importing Assets/Street/Resources/Assets/Materials/TejadoBlock05_4.mat using Guid(8df7e90f2a37523408787152c967a37f) Importer(2089858483,192608db42251d675da83286b1cce702) (ScriptedImporter) -> (artifact id: 'b053168a003dd82db04d66ac64ecc4bd') in 0.0391316 seconds
Number of updated asset objects reloaded before import = 0Number of asset objects unloaded after import = 3

========================================================================
Received Import Request.
  Time since last request: 0.000019 seconds.
  path: Assets/Street/street.mat
  artifactKey: Guid(56db78dab62054b1bac85d9d7235323e) Importer(2089858483,192608db42251d675da83286b1cce702)
Start importing Assets/Street/street.mat using Guid(56db78dab62054b1bac85d9d7235323e) Importer(2089858483,192608db42251d675da83286b1cce702) (ScriptedImporter) -> (artifact id: '1c3d5422c2a8549271c151b8c5b48da0') in 0.0347108 seconds
Number of updated asset objects reloaded before import = 0Number of asset objects unloaded after import = 3

========================================================================
Received Import Request.
  Time since last request: 0.000022 seconds.
  path: Assets/Street/Resources/Assets/Pictures/TejadoAssetBlock01_7.jpg
  artifactKey: Guid(dfee714abc98db54db1f210d8730d058) Importer(2089858483,192608db42251d675da83286b1cce702)
Start importing Assets/Street/Resources/Assets/Pictures/TejadoAssetBlock01_7.jpg using Guid(dfee714abc98db54db1f210d8730d058) Importer(2089858483,192608db42251d675da83286b1cce702) (ScriptedImporter) -> (artifact id: 'ad04f90492c2cd286d6c74b34531d45f') in 0.0381729 seconds
Number of updated asset objects reloaded before import = 0Number of asset objects unloaded after import = 1

========================================================================
Received Import Request.
  Time since last request: 0.000027 seconds.
  path: Assets/People/FunkeyMonkey.fbm
  artifactKey: Guid(02e9dc2929f6a45108c2a224fb798de3) Importer(2089858483,192608db42251d675da83286b1cce702)
Start importing Assets/People/FunkeyMonkey.fbm using Guid(02e9dc2929f6a45108c2a224fb798de3) Importer(2089858483,192608db42251d675da83286b1cce702) (ScriptedImporter) -> (artifact id: 'ccbc3b2417cb4741cb5b6db64f9756d8') in 0.0090496 seconds
Number of updated asset objects reloaded before import = 0Number of asset objects unloaded after import = 1

========================================================================
Received Import Request.
  Time since last request: 0.000022 seconds.
  path: Assets/StarterAssets/FirstPersonController/Scenes/PlaygroundSettings.lighting
  artifactKey: Guid(027dc98253d80d849acc2271be9bffaf) Importer(2089858483,192608db42251d675da83286b1cce702)
Start importing Assets/StarterAssets/FirstPersonController/Scenes/PlaygroundSettings.lighting using Guid(027dc98253d80d849acc2271be9bffaf) Importer(2089858483,192608db42251d675da83286b1cce702) (ScriptedImporter) -> (artifact id: 'ea0eb3412fb6f2ffa97d7f17ab9b4205') in 0.0796488 seconds
Number of updated asset objects reloaded before import = 0Number of asset objects unloaded after import = 1

========================================================================
Received Import Request.
  Time since last request: 0.000027 seconds.
  path: Assets/StarterAssets/FirstPersonController/Scenes/Playground/ReflectionProbe-1.exr
  artifactKey: Guid(5515cbebf3ef1144ebf8d50ed9091e17) Importer(2089858483,192608db42251d675da83286b1cce702)
Start importing Assets/StarterAssets/FirstPersonController/Scenes/Playground/ReflectionProbe-1.exr using Guid(5515cbebf3ef1144ebf8d50ed9091e17) Importer(2089858483,192608db42251d675da83286b1cce702) (ScriptedImporter) -> (artifact id: '1c1cb1f38966194edff41032e3c72abc') in 0.1960399 seconds
Number of updated asset objects reloaded before import = 0Number of asset objects unloaded after import = 1

========================================================================
Received Import Request.
  Time since last request: 0.000025 seconds.
  path: Assets/People/Girl_2.fbm/Girl_2_Top_Normal.png
  artifactKey: Guid(e69b76f941b2c4389ab07862c28e8ec8) Importer(2089858483,192608db42251d675da83286b1cce702)
Start importing Assets/People/Girl_2.fbm/Girl_2_Top_Normal.png using Guid(e69b76f941b2c4389ab07862c28e8ec8) Importer(2089858483,192608db42251d675da83286b1cce702) (ScriptedImporter) -> (artifact id: '54e4599d797506b42afbe681cd49e519') in 0.0140365 seconds
Number of updated asset objects reloaded before import = 0Number of asset objects unloaded after import = 1

========================================================================
Received Import Request.
  Time since last request: 0.000019 seconds.
  path: Assets/StarterAssets/Settings/Ultra_PipelineAsset_ForwardRenderer.asset
  artifactKey: Guid(4ee808e09c6774436b0c2a048e53e708) Importer(2089858483,192608db42251d675da83286b1cce702)
Start importing Assets/StarterAssets/Settings/Ultra_PipelineAsset_ForwardRenderer.asset using Guid(4ee808e09c6774436b0c2a048e53e708) Importer(2089858483,192608db42251d675da83286b1cce702) (ScriptedImporter) -> (artifact id: '67a195c0d267431315bdc33cb2a13665') in 0.0502233 seconds
Number of updated asset objects reloaded before import = 0Number of asset objects unloaded after import = 1

========================================================================
Received Import Request.
  Time since last request: 0.000020 seconds.
  path: Assets/Street/Resources/Assets/Pictures/panel.jpg
  artifactKey: Guid(1f53cc0d56a54c54f9f3dc86e87be5ef) Importer(2089858483,192608db42251d675da83286b1cce702)
Start importing Assets/Street/Resources/Assets/Pictures/panel.jpg using Guid(1f53cc0d56a54c54f9f3dc86e87be5ef) Importer(2089858483,192608db42251d675da83286b1cce702) (ScriptedImporter) -> (artifact id: '4fc4d8e99215073739efff2cb58fba15') in 0.0183273 seconds
Number of updated asset objects reloaded before import = 0Number of asset objects unloaded after import = 1

========================================================================
Received Import Request.
  Time since last request: 0.000019 seconds.
  path: Assets/Street/Resources/Assets/Pictures/TejadoAssetBlock01_8.jpg
  artifactKey: Guid(a1fa589a182fe274997b47277b0a4899) Importer(2089858483,192608db42251d675da83286b1cce702)
Start importing Assets/Street/Resources/Assets/Pictures/TejadoAssetBlock01_8.jpg using Guid(a1fa589a182fe274997b47277b0a4899) Importer(2089858483,192608db42251d675da83286b1cce702) (ScriptedImporter) -> (artifact id: '3b7e8ad9354091a5a88eebaa73cb2d5c') in 0.0315512 seconds
Number of updated asset objects reloaded before import = 0Number of asset objects unloaded after import = 1

========================================================================
Received Import Request.
  Time since last request: 0.000026 seconds.
  path: Assets/Street/Resources/Assets/Materials/TejadoBlock04_0.mat
  artifactKey: Guid(5bba78c2724bae049b9ab05efb51cd1b) Importer(2089858483,192608db42251d675da83286b1cce702)
Start importing Assets/Street/Resources/Assets/Materials/TejadoBlock04_0.mat using Guid(5bba78c2724bae049b9ab05efb51cd1b) Importer(2089858483,192608db42251d675da83286b1cce702) (ScriptedImporter) -> (artifact id: 'a8416d2e63900fba731fc1c28dae5db0') in 0.218404 seconds
Number of updated asset objects reloaded before import = 0Number of asset objects unloaded after import = 3

========================================================================
Received Import Request.
  Time since last request: 0.000029 seconds.
  path: Assets/Street/Resources/Assets/Materials/grey2.mat
  artifactKey: Guid(87ac14beab960884380b06965eeba92a) Importer(2089858483,192608db42251d675da83286b1cce702)
Start importing Assets/Street/Resources/Assets/Materials/grey2.mat using Guid(87ac14beab960884380b06965eeba92a) Importer(2089858483,192608db42251d675da83286b1cce702) (ScriptedImporter) -> (artifact id: '3ca8b574bca0f2b34775861805b22468') in 0.0372856 seconds
Number of updated asset objects reloaded before import = 0Number of asset objects unloaded after import = 2

========================================================================
Received Import Request.
  Time since last request: 0.000036 seconds.
  path: Assets/StarterAssets/Mobile/UI/UI_Circle_Faded.png
  artifactKey: Guid(90ded0611e490aa4ba6961afbfc2280d) Importer(2089858483,192608db42251d675da83286b1cce702)
Start importing Assets/StarterAssets/Mobile/UI/UI_Circle_Faded.png using Guid(90ded0611e490aa4ba6961afbfc2280d) Importer(2089858483,192608db42251d675da83286b1cce702) (ScriptedImporter) -> (artifact id: '332a9b6163fe731ca03e1263434af55b') in 0.2639319 seconds
Number of updated asset objects reloaded before import = 0Number of asset objects unloaded after import = 3

========================================================================
Received Import Request.
  Time since last request: 0.000035 seconds.
  path: Assets/Street/Resources/Assets/Pictures/TejadoBloque2_1.jpg
  artifactKey: Guid(2d23046244c02944d83ad4205f3c71fa) Importer(2089858483,192608db42251d675da83286b1cce702)
Start importing Assets/Street/Resources/Assets/Pictures/TejadoBloque2_1.jpg using Guid(2d23046244c02944d83ad4205f3c71fa) Importer(2089858483,192608db42251d675da83286b1cce702) (ScriptedImporter) -> (artifact id: '7e78cd4916c4fd74239d5d2c37cb308c') in 0.0165517 seconds
Number of updated asset objects reloaded before import = 0Number of asset objects unloaded after import = 1

========================================================================
Received Import Request.
  Time since last request: 0.000027 seconds.
  path: Assets/StarterAssets/Environment/Art/Textures/Grid_02_BaseMap.png
  artifactKey: Guid(d9c0dd5cdac07b145be73329e489869a) Importer(2089858483,192608db42251d675da83286b1cce702)
Start importing Assets/StarterAssets/Environment/Art/Textures/Grid_02_BaseMap.png using Guid(d9c0dd5cdac07b145be73329e489869a) Importer(2089858483,192608db42251d675da83286b1cce702) (ScriptedImporter) -> (artifact id: '0c7c4c7eea068c4580bdddace898aa31') in 0.0160181 seconds
Number of updated asset objects reloaded before import = 0Number of asset objects unloaded after import = 1

========================================================================
Received Import Request.
  Time since last request: 0.000020 seconds.
  path: Assets/People/regina@Dwarf Idle.fbm/Regina_Hair_Opacity.png
  artifactKey: Guid(3fdc0ac85d9bb4837846578a98015a5a) Importer(2089858483,192608db42251d675da83286b1cce702)
Start importing Assets/People/regina@Dwarf Idle.fbm/Regina_Hair_Opacity.png using Guid(3fdc0ac85d9bb4837846578a98015a5a) Importer(2089858483,192608db42251d675da83286b1cce702) (ScriptedImporter) -> (artifact id: '6d13cc797ba96a2ae6678681c53933eb') in 0.0550998 seconds
Number of updated asset objects reloaded before import = 0Number of asset objects unloaded after import = 1

========================================================================
Received Import Request.
  Time since last request: 0.000017 seconds.
  path: Assets/People/Girl_5.fbm/Girl_5_Shoes_Gloss.png
  artifactKey: Guid(c45a33c954379482880a6158e912a684) Importer(2089858483,192608db42251d675da83286b1cce702)
Start importing Assets/People/Girl_5.fbm/Girl_5_Shoes_Gloss.png using Guid(c45a33c954379482880a6158e912a684) Importer(2089858483,192608db42251d675da83286b1cce702) (ScriptedImporter) -> (artifact id: '37974290bd385cfed55ab673af561426') in 0.1093933 seconds
Number of updated asset objects reloaded before import = 0Number of asset objects unloaded after import = 1

========================================================================
Received Import Request.
  Time since last request: 0.000019 seconds.
  path: Assets/Street/Resources/Assets/Busstop.fbx
  artifactKey: Guid(bf7443ef7118025448b46f1fbf52268e) Importer(2089858483,192608db42251d675da83286b1cce702)
Start importing Assets/Street/Resources/Assets/Busstop.fbx using Guid(bf7443ef7118025448b46f1fbf52268e) Importer(2089858483,192608db42251d675da83286b1cce702) (ScriptedImporter) -> (artifact id: '5eb330d4a4544c86dd8f7f68e6998bee') in 0.0186304 seconds
Number of updated asset objects reloaded before import = 0Number of asset objects unloaded after import = 12

========================================================================
Received Import Request.
  Time since last request: 0.000028 seconds.
  path: Assets/People/Girl_5.fbm/Girl_5_Top_Diffuse.png
  artifactKey: Guid(0e7a3faed29294d32a6646fe5ce844ef) Importer(2089858483,192608db42251d675da83286b1cce702)
Start importing Assets/People/Girl_5.fbm/Girl_5_Top_Diffuse.png using Guid(0e7a3faed29294d32a6646fe5ce844ef) Importer(2089858483,192608db42251d675da83286b1cce702) (ScriptedImporter) -> (artifact id: '04a38b560fecb777f15d18cb136a2af8') in 0.0211099 seconds
Number of updated asset objects reloaded before import = 0Number of asset objects unloaded after import = 1

========================================================================
Received Import Request.
  Time since last request: 0.000014 seconds.
  path: Assets/Street/Resources/Assets/Pictures/MarbleGreen0014_21_S.jpg
  artifactKey: Guid(93403654f10e4de47afb7200f0fdb6d3) Importer(2089858483,192608db42251d675da83286b1cce702)
Start importing Assets/Street/Resources/Assets/Pictures/MarbleGreen0014_21_S.jpg using Guid(93403654f10e4de47afb7200f0fdb6d3) Importer(2089858483,192608db42251d675da83286b1cce702) (ScriptedImporter) -> (artifact id: '46b071d55261092e7e1d781c7564dd1e') in 0.0501406 seconds
Number of updated asset objects reloaded before import = 0Number of asset objects unloaded after import = 1

========================================================================
Received Import Request.
  Time since last request: 0.000022 seconds.
  path: Assets/People/Girl_4.fbm/Girl_4_Top_Gloss.png
  artifactKey: Guid(a9ffc777574334ca0ad21f2b2d6a12e7) Importer(2089858483,192608db42251d675da83286b1cce702)
Start importing Assets/People/Girl_4.fbm/Girl_4_Top_Gloss.png using Guid(a9ffc777574334ca0ad21f2b2d6a12e7) Importer(2089858483,192608db42251d675da83286b1cce702) (ScriptedImporter) -> (artifact id: '32842e5fea8a871a918b7bbf8d7a0207') in 0.0516561 seconds
Number of updated asset objects reloaded before import = 0Number of asset objects unloaded after import = 1

========================================================================
Received Import Request.
  Time since last request: 0.000023 seconds.
  path: Assets/StarterAssets/Settings/Very High_PipelineAsset_ForwardRenderer.asset
  artifactKey: Guid(4962dd039b8344ed295c4518245d6c7b) Importer(2089858483,192608db42251d675da83286b1cce702)
Start importing Assets/StarterAssets/Settings/Very High_PipelineAsset_ForwardRenderer.asset using Guid(4962dd039b8344ed295c4518245d6c7b) Importer(2089858483,192608db42251d675da83286b1cce702) (ScriptedImporter) -> (artifact id: '56bf9114de89b45075158e06483177b3') in 0.0228506 seconds
Number of updated asset objects reloaded before import = 0Number of asset objects unloaded after import = 1

========================================================================
Received Import Request.
  Time since last request: 0.000033 seconds.
  path: Assets/People/Girl_1.fbm/Girl_1_Body_Diffuse.png
  artifactKey: Guid(63f48b5c08d25467e9e11be363436e9e) Importer(2089858483,192608db42251d675da83286b1cce702)
Start importing Assets/People/Girl_1.fbm/Girl_1_Body_Diffuse.png using Guid(63f48b5c08d25467e9e11be363436e9e) Importer(2089858483,192608db42251d675da83286b1cce702) (ScriptedImporter) -> (artifact id: 'f28337745784bc8b0647b77f65074f5b') in 0.018196 seconds
Number of updated asset objects reloaded before import = 0Number of asset objects unloaded after import = 1

========================================================================
Received Import Request.
  Time since last request: 0.000018 seconds.
  path: Assets/StarterAssets/Settings/High_PipelineAsset.asset
  artifactKey: Guid(85f61ec9fa7114d5f88c736532abeeef) Importer(2089858483,192608db42251d675da83286b1cce702)
Start importing Assets/StarterAssets/Settings/High_PipelineAsset.asset using Guid(85f61ec9fa7114d5f88c736532abeeef) Importer(2089858483,192608db42251d675da83286b1cce702) (ScriptedImporter) -> (artifact id: 'f0004571b5ca6200f31799ce45bd81ff') in 0.0905766 seconds
Number of updated asset objects reloaded before import = 0Number of asset objects unloaded after import = 2

========================================================================
Received Import Request.
  Time since last request: 0.000022 seconds.
  path: Assets/People/Girl_3.fbm/Girl_3_Bottom_Diffuse.png
  artifactKey: Guid(9c136a5b97246424f9055d5297644b5f) Importer(2089858483,192608db42251d675da83286b1cce702)
Start importing Assets/People/Girl_3.fbm/Girl_3_Bottom_Diffuse.png using Guid(9c136a5b97246424f9055d5297644b5f) Importer(2089858483,192608db42251d675da83286b1cce702) (ScriptedImporter) -> (artifact id: 'b2bc4d58120da09b332b8228ea9b225c') in 0.0203836 seconds
Number of updated asset objects reloaded before import = 0Number of asset objects unloaded after import = 1

========================================================================
Received Import Request.
  Time since last request: 0.000021 seconds.
  path: Assets/People/Male_2.fbm/Male_2_Body_Gloss.png
  artifactKey: Guid(cf88ffd50a64146509854085d4f3bc21) Importer(2089858483,192608db42251d675da83286b1cce702)
Start importing Assets/People/Male_2.fbm/Male_2_Body_Gloss.png using Guid(cf88ffd50a64146509854085d4f3bc21) Importer(2089858483,192608db42251d675da83286b1cce702) (ScriptedImporter) -> (artifact id: '78c88e37c2eec1786b501fb29e2d58dc') in 0.073696 seconds
Number of updated asset objects reloaded before import = 0Number of asset objects unloaded after import = 1

========================================================================
Received Import Request.
  Time since last request: 0.000025 seconds.
  path: Assets/People/Girl_5.fbm/Girl_5_Body_Specular.png
  artifactKey: Guid(999e8b8259ac54e46831a7ba9e6f155f) Importer(2089858483,192608db42251d675da83286b1cce702)
Start importing Assets/People/Girl_5.fbm/Girl_5_Body_Specular.png using Guid(999e8b8259ac54e46831a7ba9e6f155f) Importer(2089858483,192608db42251d675da83286b1cce702) (ScriptedImporter) -> (artifact id: 'f1d4c3373d78c04a2960828522d2350a') in 0.1171137 seconds
Number of updated asset objects reloaded before import = 0Number of asset objects unloaded after import = 1

========================================================================
Received Import Request.
  Time since last request: 0.000028 seconds.
  path: Assets/Street/Resources/Assets/Materials/TejadoBlock05_6.mat
  artifactKey: Guid(a72a1cdac44953d4a8aa1cb13cb563a0) Importer(2089858483,192608db42251d675da83286b1cce702)
Start importing Assets/Street/Resources/Assets/Materials/TejadoBlock05_6.mat using Guid(a72a1cdac44953d4a8aa1cb13cb563a0) Importer(2089858483,192608db42251d675da83286b1cce702) (ScriptedImporter) -> (artifact id: 'b8173464b0f0a3646a7afa7ed4fcd280') in 0.1081381 seconds
Number of updated asset objects reloaded before import = 0Number of asset objects unloaded after import = 3

========================================================================
Received Import Request.
  Time since last request: 0.000027 seconds.
  path: Assets/Street/Resources/Assets/Materials/Skyboxes/Textures/Sunny1/Sunny1_left.tif
  artifactKey: Guid(66ebe4da1ef67e64e8aeccb820e409d6) Importer(2089858483,192608db42251d675da83286b1cce702)
Start importing Assets/Street/Resources/Assets/Materials/Skyboxes/Textures/Sunny1/Sunny1_left.tif using Guid(66ebe4da1ef67e64e8aeccb820e409d6) Importer(2089858483,192608db42251d675da83286b1cce702) (ScriptedImporter) -> (artifact id: 'e4bc04dfa28e31107cb28690473fcb5d') in 0.0137999 seconds
Number of updated asset objects reloaded before import = 0Number of asset objects unloaded after import = 1

========================================================================
Received Import Request.
  Time since last request: 0.000025 seconds.
  path: Assets/Street/Resources/Assets/Materials
  artifactKey: Guid(6c66d850ae9e5487ba2ad56a7b5ec4b0) Importer(2089858483,192608db42251d675da83286b1cce702)
Start importing Assets/Street/Resources/Assets/Materials using Guid(6c66d850ae9e5487ba2ad56a7b5ec4b0) Importer(2089858483,192608db42251d675da83286b1cce702) (ScriptedImporter) -> (artifact id: '9486ddfc1ebbcec9252cb206f98fd255') in 0.0094788 seconds
Number of updated asset objects reloaded before import = 0Number of asset objects unloaded after import = 1

========================================================================
Received Import Request.
  Time since last request: 0.000020 seconds.
  path: Assets/People/Girl_4.fbm/Girl_4_Shoes_Opacity.png
  artifactKey: Guid(10637ea8cfdae471aa6aa8169dbf3df9) Importer(2089858483,192608db42251d675da83286b1cce702)
Start importing Assets/People/Girl_4.fbm/Girl_4_Shoes_Opacity.png using Guid(10637ea8cfdae471aa6aa8169dbf3df9) Importer(2089858483,192608db42251d675da83286b1cce702) (ScriptedImporter) -> (artifact id: '832db088f9573940d4a6af1bd6ba8486') in 0.0426966 seconds
Number of updated asset objects reloaded before import = 0Number of asset objects unloaded after import = 1

========================================================================
Received Import Request.
  Time since last request: 0.000023 seconds.
  path: Assets/People/Materials/Girl_1_Body_Diffuse.mat
  artifactKey: Guid(89da8f5556d134e16b15e94444de2e28) Importer(2089858483,192608db42251d675da83286b1cce702)
Start importing Assets/People/Materials/Girl_1_Body_Diffuse.mat using Guid(89da8f5556d134e16b15e94444de2e28) Importer(2089858483,192608db42251d675da83286b1cce702) (ScriptedImporter) -> (artifact id: 'b6c10444ec3c00ae3c99b69c3d06db8f') in 0.0121682 seconds
Number of updated asset objects reloaded before import = 0Number of asset objects unloaded after import = 4

========================================================================
Received Import Request.
  Time since last request: 0.000016 seconds.
  path: Assets/Street/Resources/Assets/Rubbish00.fbx
  artifactKey: Guid(f3ed61b7e738dcd42b73e428f3506390) Importer(2089858483,192608db42251d675da83286b1cce702)
Start importing Assets/Street/Resources/Assets/Rubbish00.fbx using Guid(f3ed61b7e738dcd42b73e428f3506390) Importer(2089858483,192608db42251d675da83286b1cce702) (ScriptedImporter) -> (artifact id: '6ffc22958a5fc2ccb5f73b2ee346074b') in 0.0229608 seconds
Number of updated asset objects reloaded before import = 0Number of asset objects unloaded after import = 10

========================================================================
Received Import Request.
  Time since last request: 0.000018 seconds.
  path: Assets/People/Male_1.fbm/Male_1_Top_Gloss.png
  artifactKey: Guid(f1e9b97c868ce48acb944e031346bd51) Importer(2089858483,192608db42251d675da83286b1cce702)
Start importing Assets/People/Male_1.fbm/Male_1_Top_Gloss.png using Guid(f1e9b97c868ce48acb944e031346bd51) Importer(2089858483,192608db42251d675da83286b1cce702) (ScriptedImporter) -> (artifact id: 'ae555a94d0d54e01a16f17244c069a5f') in 0.0357636 seconds
Number of updated asset objects reloaded before import = 0Number of asset objects unloaded after import = 1

========================================================================
Received Import Request.
  Time since last request: 0.000025 seconds.
  path: Assets/Street/Resources/Assets/Pictures/papeleraRect.jpg
  artifactKey: Guid(0e3fc39b1a0adbf46baef33c8682f386) Importer(2089858483,192608db42251d675da83286b1cce702)
Start importing Assets/Street/Resources/Assets/Pictures/papeleraRect.jpg using Guid(0e3fc39b1a0adbf46baef33c8682f386) Importer(2089858483,192608db42251d675da83286b1cce702) (ScriptedImporter) -> (artifact id: '49137eaa85e15ad3e99cd15286d53021') in 0.0153077 seconds
Number of updated asset objects reloaded before import = 0Number of asset objects unloaded after import = 1

========================================================================
Received Import Request.
  Time since last request: 0.000016 seconds.
  path: Assets/Street/Resources/Assets/Materials/Suelo8.mat
  artifactKey: Guid(816ab021184052d47ae983a0209a821d) Importer(2089858483,192608db42251d675da83286b1cce702)
Start importing Assets/Street/Resources/Assets/Materials/Suelo8.mat using Guid(816ab021184052d47ae983a0209a821d) Importer(2089858483,192608db42251d675da83286b1cce702) (ScriptedImporter) -> (artifact id: 'f1b28d034705c50a159da8294cb960f6') in 0.0634419 seconds
Number of updated asset objects reloaded before import = 0Number of asset objects unloaded after import = 3

========================================================================
Received Import Request.
  Time since last request: 0.000017 seconds.
  path: Assets/People/regina@Running.fbm/Regina_Top_Diffuse.png
  artifactKey: Guid(ff70b3513e62a46598dbcb8738bc0d24) Importer(2089858483,192608db42251d675da83286b1cce702)
Start importing Assets/People/regina@Running.fbm/Regina_Top_Diffuse.png using Guid(ff70b3513e62a46598dbcb8738bc0d24) Importer(2089858483,192608db42251d675da83286b1cce702) (ScriptedImporter) -> (artifact id: '0bbb4249cc1ea641f03f306b265d9903') in 0.0152843 seconds
Number of updated asset objects reloaded before import = 0Number of asset objects unloaded after import = 1

========================================================================
Received Import Request.
  Time since last request: 0.000017 seconds.
  path: Assets/Street/Resources/Assets/Materials/TejadoBloque6_2.mat
  artifactKey: Guid(b23a42ee740989c4586557b5ed8006fc) Importer(2089858483,192608db42251d675da83286b1cce702)
Start importing Assets/Street/Resources/Assets/Materials/TejadoBloque6_2.mat using Guid(b23a42ee740989c4586557b5ed8006fc) Importer(2089858483,192608db42251d675da83286b1cce702) (ScriptedImporter) -> (artifact id: 'be578eabb6b050123a52a87af4303155') in 0.0665229 seconds
Number of updated asset objects reloaded before import = 0Number of asset objects unloaded after import = 3

========================================================================
Received Import Request.
  Time since last request: 0.000029 seconds.
  path: Assets/Street/Resources/Assets/Materials/Light Flares
  artifactKey: Guid(371a91039250c4683b74f9cc4882f0bb) Importer(2089858483,192608db42251d675da83286b1cce702)
Start importing Assets/Street/Resources/Assets/Materials/Light Flares using Guid(371a91039250c4683b74f9cc4882f0bb) Importer(2089858483,192608db42251d675da83286b1cce702) (ScriptedImporter) -> (artifact id: '77740db64509a4192cd51c9a7a14f4b8') in 0.0112568 seconds
Number of updated asset objects reloaded before import = 0Number of asset objects unloaded after import = 1

========================================================================
Received Import Request.
  Time since last request: 0.000028 seconds.
  path: Assets/Street/Resources/Assets/Materials/Shops0150_S_paz_2.mat
  artifactKey: Guid(7dac543b3da88fb4884fb2ed24932c48) Importer(2089858483,192608db42251d675da83286b1cce702)
Start importing Assets/Street/Resources/Assets/Materials/Shops0150_S_paz_2.mat using Guid(7dac543b3da88fb4884fb2ed24932c48) Importer(2089858483,192608db42251d675da83286b1cce702) (ScriptedImporter) -> (artifact id: '91b617453fc88b3f2484228fa6099249') in 0.033007 seconds
Number of updated asset objects reloaded before import = 0Number of asset objects unloaded after import = 3

========================================================================
Received Import Request.
  Time since last request: 0.000018 seconds.
  path: Assets/Street/Resources/Assets/Pictures/Pipes0071_1_Sa.jpg
  artifactKey: Guid(01fe8c71764e97747ab5ca59ea51ff75) Importer(2089858483,192608db42251d675da83286b1cce702)
Start importing Assets/Street/Resources/Assets/Pictures/Pipes0071_1_Sa.jpg using Guid(01fe8c71764e97747ab5ca59ea51ff75) Importer(2089858483,192608db42251d675da83286b1cce702) (ScriptedImporter) -> (artifact id: 'ca6d8405512e6aa04f16fd7ec0103432') in 0.0203898 seconds
Number of updated asset objects reloaded before import = 0Number of asset objects unloaded after import = 1

========================================================================
Received Import Request.
  Time since last request: 0.000017 seconds.
  path: Assets/Street/Resources/Assets/Materials/stair.mat
  artifactKey: Guid(76c33d69540f2d54a85d8263afc83faf) Importer(2089858483,192608db42251d675da83286b1cce702)
Start importing Assets/Street/Resources/Assets/Materials/stair.mat using Guid(76c33d69540f2d54a85d8263afc83faf) Importer(2089858483,192608db42251d675da83286b1cce702) (ScriptedImporter) -> (artifact id: 'e1976a9dd705e711709d457864189529') in 0.1698728 seconds
Number of updated asset objects reloaded before import = 0Number of asset objects unloaded after import = 3

========================================================================
Received Import Request.
  Time since last request: 0.000027 seconds.
  path: Assets/Street/Resources/Assets/Pictures/TejadoBlock02_3.jpg
  artifactKey: Guid(60fed3d41f0a74b44bac63c0748fe4f7) Importer(2089858483,192608db42251d675da83286b1cce702)
Start importing Assets/Street/Resources/Assets/Pictures/TejadoBlock02_3.jpg using Guid(60fed3d41f0a74b44bac63c0748fe4f7) Importer(2089858483,192608db42251d675da83286b1cce702) (ScriptedImporter) -> (artifact id: '366b0f94b83f0f18cc728a7639eb0862') in 0.1148765 seconds
Number of updated asset objects reloaded before import = 0Number of asset objects unloaded after import = 1

========================================================================
Received Import Request.
  Time since last request: 0.000025 seconds.
  path: Assets/Street/Resources/Assets/Materials/Page2Head.mat
  artifactKey: Guid(5ea1f9e93426ae34ba2c92e986b256ce) Importer(2089858483,192608db42251d675da83286b1cce702)
Start importing Assets/Street/Resources/Assets/Materials/Page2Head.mat using Guid(5ea1f9e93426ae34ba2c92e986b256ce) Importer(2089858483,192608db42251d675da83286b1cce702) (ScriptedImporter) -> (artifact id: '5ca4cb9a1145e5de639baa017383fbc0') in 0.0473453 seconds
Number of updated asset objects reloaded before import = 0Number of asset objects unloaded after import = 3

========================================================================
Received Import Request.
  Time since last request: 0.000016 seconds.
  path: Assets/Street/Resources/Assets/Pictures/TejadoBlock04_0.jpg
  artifactKey: Guid(ff92a3941d113d44ab138974633eb5f4) Importer(2089858483,192608db42251d675da83286b1cce702)
Start importing Assets/Street/Resources/Assets/Pictures/TejadoBlock04_0.jpg using Guid(ff92a3941d113d44ab138974633eb5f4) Importer(2089858483,192608db42251d675da83286b1cce702) (ScriptedImporter) -> (artifact id: '1ebd7b8e1873ae714955c8a516765033') in 0.0147484 seconds
Number of updated asset objects reloaded before import = 0Number of asset objects unloaded after import = 1

========================================================================
Received Import Request.
  Time since last request: 0.000018 seconds.
  path: Assets/Street/Resources/Assets/Materials/Material1.mat
  artifactKey: Guid(dabe09091adc15c4ea1399a79562034f) Importer(2089858483,192608db42251d675da83286b1cce702)
Start importing Assets/Street/Resources/Assets/Materials/Material1.mat using Guid(dabe09091adc15c4ea1399a79562034f) Importer(2089858483,192608db42251d675da83286b1cce702) (ScriptedImporter) -> (artifact id: 'd1499ba7882d335692da73606bcb8b83') in 0.0465829 seconds
Number of updated asset objects reloaded before import = 0Number of asset objects unloaded after import = 2

========================================================================
Received Import Request.
  Time since last request: 0.000020 seconds.
  path: Assets/Street/Resources/Assets/Pictures/TejadoBlock04_5.jpg
  artifactKey: Guid(c29997355daf17148b6cb793a0de6baa) Importer(2089858483,192608db42251d675da83286b1cce702)
Start importing Assets/Street/Resources/Assets/Pictures/TejadoBlock04_5.jpg using Guid(c29997355daf17148b6cb793a0de6baa) Importer(2089858483,192608db42251d675da83286b1cce702) (ScriptedImporter) -> (artifact id: 'eec318f8739d6039a1f1a57c82b1b2b8') in 0.0737378 seconds
Number of updated asset objects reloaded before import = 0Number of asset objects unloaded after import = 1

========================================================================
Received Import Request.
  Time since last request: 0.000038 seconds.
  path: Assets/People/FunkeyMonkey.fbm/FunkeyMonkey_Body_Specular.png
  artifactKey: Guid(d104b7606d5ad423790bf286b85e0906) Importer(2089858483,192608db42251d675da83286b1cce702)
Start importing Assets/People/FunkeyMonkey.fbm/FunkeyMonkey_Body_Specular.png using Guid(d104b7606d5ad423790bf286b85e0906) Importer(2089858483,192608db42251d675da83286b1cce702) (ScriptedImporter) -> (artifact id: '749fb628c72faaa61ceaa6c20c75b58e') in 0.0526308 seconds
Number of updated asset objects reloaded before import = 0Number of asset objects unloaded after import = 1

========================================================================
Received Import Request.
  Time since last request: 0.000031 seconds.
  path: Assets/Street/Resources/Assets/Pictures/BigY_onlyBest_dots.jpg
  artifactKey: Guid(e0222756bd471bb4a928ba97d710084a) Importer(2089858483,192608db42251d675da83286b1cce702)
Start importing Assets/Street/Resources/Assets/Pictures/BigY_onlyBest_dots.jpg using Guid(e0222756bd471bb4a928ba97d710084a) Importer(2089858483,192608db42251d675da83286b1cce702) (ScriptedImporter) -> (artifact id: '5f5f7c78f3395f5e89b45c82c7c5d9d3') in 0.0177729 seconds
Number of updated asset objects reloaded before import = 0Number of asset objects unloaded after import = 1

========================================================================
Received Import Request.
  Time since last request: 0.000017 seconds.
  path: Assets/Street/Resources/Assets/Materials/semaforo-Material6.mat
  artifactKey: Guid(721de5f7a12ea4744b60f0be217bdbb5) Importer(2089858483,192608db42251d675da83286b1cce702)
Start importing Assets/Street/Resources/Assets/Materials/semaforo-Material6.mat using Guid(721de5f7a12ea4744b60f0be217bdbb5) Importer(2089858483,192608db42251d675da83286b1cce702) (ScriptedImporter) -> (artifact id: 'c7a0606f70982c4d98d8a7e89362adde') in 0.0106253 seconds
Number of updated asset objects reloaded before import = 0Number of asset objects unloaded after import = 2

========================================================================
Received Import Request.
  Time since last request: 0.000017 seconds.
  path: Assets/Street/Resources/Assets/Pictures/TejadoBlock03_4.jpg
  artifactKey: Guid(f2ddfbb3bc2fc8d4ba4a12c1d94205b8) Importer(2089858483,192608db42251d675da83286b1cce702)
Start importing Assets/Street/Resources/Assets/Pictures/TejadoBlock03_4.jpg using Guid(f2ddfbb3bc2fc8d4ba4a12c1d94205b8) Importer(2089858483,192608db42251d675da83286b1cce702) (ScriptedImporter) -> (artifact id: 'd583456e52de01d0846e38e046f0e7c5') in 0.1471229 seconds
Number of updated asset objects reloaded before import = 0Number of asset objects unloaded after import = 1

========================================================================
Received Import Request.
  Time since last request: 0.000027 seconds.
  path: Assets/People/Girl_5.fbm/Girl_5_Bottom_Diffuse.png
  artifactKey: Guid(59f60374e09fa4a759aa2511047bdab3) Importer(2089858483,192608db42251d675da83286b1cce702)
Start importing Assets/People/Girl_5.fbm/Girl_5_Bottom_Diffuse.png using Guid(59f60374e09fa4a759aa2511047bdab3) Importer(2089858483,192608db42251d675da83286b1cce702) (ScriptedImporter) -> (artifact id: 'ce2159113ee70ec91316f75d0232c458') in 0.0146113 seconds
Number of updated asset objects reloaded before import = 0Number of asset objects unloaded after import = 1

========================================================================
Received Import Request.
  Time since last request: 0.000029 seconds.
  path: Assets/Street/Resources/Assets/Pictures/Suelo1.jpg
  artifactKey: Guid(edd17f20f114ac44da9ddb31c6e3183e) Importer(2089858483,192608db42251d675da83286b1cce702)
Start importing Assets/Street/Resources/Assets/Pictures/Suelo1.jpg using Guid(edd17f20f114ac44da9ddb31c6e3183e) Importer(2089858483,192608db42251d675da83286b1cce702) (ScriptedImporter) -> (artifact id: '8bb2072a58dede1c76fbae1f6fa6cb3c') in 0.0159969 seconds
Number of updated asset objects reloaded before import = 0Number of asset objects unloaded after import = 1

========================================================================
Received Import Request.
  Time since last request: 0.000026 seconds.
  path: Assets/People/regina@Running.fbm/Regina_Top_Specular.png
  artifactKey: Guid(6714420b567bf46fea049786ae80fd18) Importer(2089858483,192608db42251d675da83286b1cce702)
Start importing Assets/People/regina@Running.fbm/Regina_Top_Specular.png using Guid(6714420b567bf46fea049786ae80fd18) Importer(2089858483,192608db42251d675da83286b1cce702) (ScriptedImporter) -> (artifact id: 'f72df2d0ca8e85709c5f7d60a1034968') in 0.0365438 seconds
Number of updated asset objects reloaded before import = 0Number of asset objects unloaded after import = 1

========================================================================
Received Import Request.
  Time since last request: 0.000021 seconds.
  path: Assets/Street/Resources/Trees/Sources/Textures
  artifactKey: Guid(acef794e6f3e84d3392fe91680ba1a80) Importer(2089858483,192608db42251d675da83286b1cce702)
Start importing Assets/Street/Resources/Trees/Sources/Textures using Guid(acef794e6f3e84d3392fe91680ba1a80) Importer(2089858483,192608db42251d675da83286b1cce702) (ScriptedImporter) -> (artifact id: '5505718ae58165f2eafefbf442587823') in 0.009484 seconds
Number of updated asset objects reloaded before import = 0Number of asset objects unloaded after import = 1

========================================================================
Received Import Request.
  Time since last request: 0.000017 seconds.
  path: Assets/People/regina@Dwarf Idle.fbm/Regina_Hair_Diffuse.png
  artifactKey: Guid(b2a8cb1cc21b8416ab14f0495dbc5840) Importer(2089858483,192608db42251d675da83286b1cce702)
Start importing Assets/People/regina@Dwarf Idle.fbm/Regina_Hair_Diffuse.png using Guid(b2a8cb1cc21b8416ab14f0495dbc5840) Importer(2089858483,192608db42251d675da83286b1cce702) (ScriptedImporter) -> (artifact id: 'acd26f3e53de1f3f2016c8bb8bfebd88') in 0.0194335 seconds
Number of updated asset objects reloaded before import = 0Number of asset objects unloaded after import = 1

========================================================================
Received Import Request.
  Time since last request: 0.000020 seconds.
  path: Assets/StarterAssets/Environment/Prefabs/Wall_Prefab.prefab
  artifactKey: Guid(9eb847ab97b24024588682c8601254cf) Importer(2089858483,192608db42251d675da83286b1cce702)
Start importing Assets/StarterAssets/Environment/Prefabs/Wall_Prefab.prefab using Guid(9eb847ab97b24024588682c8601254cf) Importer(2089858483,192608db42251d675da83286b1cce702) (ScriptedImporter) -> (artifact id: '25a0baec4b0a6eaa987916aa81d14d1b') in 0.0587135 seconds
Number of updated asset objects reloaded before import = 0Number of asset objects unloaded after import = 10

========================================================================
Received Import Request.
  Time since last request: 0.000034 seconds.
  path: Assets/People/regina@Running.fbm/Regina_Body_Normal.png
  artifactKey: Guid(9efb3ff4f813943d4b4c366cc478ede5) Importer(2089858483,192608db42251d675da83286b1cce702)
Start importing Assets/People/regina@Running.fbm/Regina_Body_Normal.png using Guid(9efb3ff4f813943d4b4c366cc478ede5) Importer(2089858483,192608db42251d675da83286b1cce702) (ScriptedImporter) -> (artifact id: '3e5aa7a268d6ec7177af03b6fa00a0e5') in 0.080591 seconds
Number of updated asset objects reloaded before import = 0Number of asset objects unloaded after import = 1

========================================================================
Received Import Request.
  Time since last request: 0.000028 seconds.
  path: Assets/People/Girl_3.fbm/Girl_3_Bottom_Opacity.png
  artifactKey: Guid(482560999d2444b3a93776b08813984d) Importer(2089858483,192608db42251d675da83286b1cce702)
Start importing Assets/People/Girl_3.fbm/Girl_3_Bottom_Opacity.png using Guid(482560999d2444b3a93776b08813984d) Importer(2089858483,192608db42251d675da83286b1cce702) (ScriptedImporter) -> (artifact id: '589d412891e52dde51044851725fd634') in 0.03837 seconds
Number of updated asset objects reloaded before import = 0Number of asset objects unloaded after import = 1

========================================================================
Received Import Request.
  Time since last request: 0.000027 seconds.
  path: Assets/People/Materials/FunkeyMonkey_Bottom_Diffuse.mat
  artifactKey: Guid(02a641a5fb88f489a82bbc9bd6af1169) Importer(2089858483,192608db42251d675da83286b1cce702)
Start importing Assets/People/Materials/FunkeyMonkey_Bottom_Diffuse.mat using Guid(02a641a5fb88f489a82bbc9bd6af1169) Importer(2089858483,192608db42251d675da83286b1cce702) (ScriptedImporter) -> (artifact id: 'fe3d3e8300ad95c4534a943bc3a406c3') in 0.0126154 seconds
Number of updated asset objects reloaded before import = 0Number of asset objects unloaded after import = 4

========================================================================
Received Import Request.
  Time since last request: 0.000023 seconds.
  path: Assets/Street/Resources/Assets/Materials/TejadoBlock02_4.mat
  artifactKey: Guid(ea8c8f08c02bc4340b918760e38d57a6) Importer(2089858483,192608db42251d675da83286b1cce702)
Start importing Assets/Street/Resources/Assets/Materials/TejadoBlock02_4.mat using Guid(ea8c8f08c02bc4340b918760e38d57a6) Importer(2089858483,192608db42251d675da83286b1cce702) (ScriptedImporter) -> (artifact id: 'd6380f53d0e00c675473089b0d20f311') in 0.0525691 seconds
Number of updated asset objects reloaded before import = 0Number of asset objects unloaded after import = 3

========================================================================
Received Import Request.
  Time since last request: 0.000029 seconds.
  path: Assets/StarterAssets/InputSystem/StarterAssets.inputactions
  artifactKey: Guid(4419d82f33d36e848b3ed5af4c8da37e) Importer(2089858483,192608db42251d675da83286b1cce702)
Start importing Assets/StarterAssets/InputSystem/StarterAssets.inputactions using Guid(4419d82f33d36e848b3ed5af4c8da37e) Importer(2089858483,192608db42251d675da83286b1cce702) (ScriptedImporter) -> (artifact id: '9fc8b41945f9c57d0705e0496fcc6a63') in 0.2105521 seconds
Number of updated asset objects reloaded before import = 0Number of asset objects unloaded after import = 7

========================================================================
Received Import Request.
  Time since last request: 0.000030 seconds.
  path: Assets/Street/Resources/Assets/Pictures/papeleraCompleta.jpg
  artifactKey: Guid(745ea9531a9955c40bb48f53236ce9c3) Importer(2089858483,192608db42251d675da83286b1cce702)
Start importing Assets/Street/Resources/Assets/Pictures/papeleraCompleta.jpg using Guid(745ea9531a9955c40bb48f53236ce9c3) Importer(2089858483,192608db42251d675da83286b1cce702) (ScriptedImporter) -> (artifact id: 'babda8520c4386ab90914c073a723b51') in 0.0155468 seconds
Number of updated asset objects reloaded before import = 0Number of asset objects unloaded after import = 1

========================================================================
Received Import Request.
  Time since last request: 0.000026 seconds.
  path: Assets/Street/Resources/Assets/Materials/Material__223.mat
  artifactKey: Guid(fa20311b943f5db4592abc784ee03e9b) Importer(2089858483,192608db42251d675da83286b1cce702)
Start importing Assets/Street/Resources/Assets/Materials/Material__223.mat using Guid(fa20311b943f5db4592abc784ee03e9b) Importer(2089858483,192608db42251d675da83286b1cce702) (ScriptedImporter) -> (artifact id: '51662d8296a3b1cc4e705b12d0f3ff2e') in 0.0189243 seconds
Number of updated asset objects reloaded before import = 0Number of asset objects unloaded after import = 3

========================================================================
Received Import Request.
  Time since last request: 0.000024 seconds.
  path: Assets/People/Crowd.controller
  artifactKey: Guid(488b0bbbdfba64fe09fc11cd45491b7e) Importer(2089858483,192608db42251d675da83286b1cce702)
Start importing Assets/People/Crowd.controller using Guid(488b0bbbdfba64fe09fc11cd45491b7e) Importer(2089858483,192608db42251d675da83286b1cce702) (ScriptedImporter) -> (artifact id: '13428ce0db6dfb83b866bbd5b7b12855') in 0.0346258 seconds
Number of updated asset objects reloaded before import = 0Number of asset objects unloaded after import = 14

========================================================================
Received Import Request.
  Time since last request: 0.000022 seconds.
  path: Assets/StarterAssets/Environment/Art/Models/Box_350x250x300_Mesh.fbx
  artifactKey: Guid(d2f0da3998423f44594868ffed55c3e6) Importer(2089858483,192608db42251d675da83286b1cce702)
Start importing Assets/StarterAssets/Environment/Art/Models/Box_350x250x300_Mesh.fbx using Guid(d2f0da3998423f44594868ffed55c3e6) Importer(2089858483,192608db42251d675da83286b1cce702) (ScriptedImporter) -> (artifact id: '35846605c23c19262b3e81457058018a') in 0.0192509 seconds
Number of updated asset objects reloaded before import = 0Number of asset objects unloaded after import = 8

========================================================================
Received Import Request.
  Time since last request: 0.000024 seconds.
  path: Assets/People/Male_1.fbm/Male_1_Shoes_Opacity.png
  artifactKey: Guid(364b8f176aea24681a470317feb9b0a5) Importer(2089858483,192608db42251d675da83286b1cce702)
Start importing Assets/People/Male_1.fbm/Male_1_Shoes_Opacity.png using Guid(364b8f176aea24681a470317feb9b0a5) Importer(2089858483,192608db42251d675da83286b1cce702) (ScriptedImporter) -> (artifact id: 'c58052f40d267857616805f62f20ca25') in 0.0469998 seconds
Number of updated asset objects reloaded before import = 0Number of asset objects unloaded after import = 1

========================================================================
Received Import Request.
  Time since last request: 0.000021 seconds.
  path: Assets/Street/Resources/Assets/Panel00.fbx
  artifactKey: Guid(3a1a4879b136bb346b16f826cb8b3406) Importer(2089858483,192608db42251d675da83286b1cce702)
Start importing Assets/Street/Resources/Assets/Panel00.fbx using Guid(3a1a4879b136bb346b16f826cb8b3406) Importer(2089858483,192608db42251d675da83286b1cce702) (ScriptedImporter) -> (artifact id: '39aa36e4c365aff5df50f743d257f0de') in 0.0219831 seconds
Number of updated asset objects reloaded before import = 0Number of asset objects unloaded after import = 11

========================================================================
Received Import Request.
  Time since last request: 0.000029 seconds.
  path: Assets/Street/Resources/Assets/Pictures/Materials
  artifactKey: Guid(69c916d25db7e4e0782aa12efcec6f8c) Importer(2089858483,192608db42251d675da83286b1cce702)
Start importing Assets/Street/Resources/Assets/Pictures/Materials using Guid(69c916d25db7e4e0782aa12efcec6f8c) Importer(2089858483,192608db42251d675da83286b1cce702) (ScriptedImporter) -> (artifact id: 'f3faae857278a916df86e5a48551e782') in 0.0098537 seconds
Number of updated asset objects reloaded before import = 0Number of asset objects unloaded after import = 1

========================================================================
Received Import Request.
  Time since last request: 0.000022 seconds.
  path: Assets/People/FunkeyMonkey.fbm/FunkeyMonkey_Hair_Diffuse.png
  artifactKey: Guid(6baeb2099a6a4468bbc5ee7a51e27b65) Importer(2089858483,192608db42251d675da83286b1cce702)
Start importing Assets/People/FunkeyMonkey.fbm/FunkeyMonkey_Hair_Diffuse.png using Guid(6baeb2099a6a4468bbc5ee7a51e27b65) Importer(2089858483,192608db42251d675da83286b1cce702) (ScriptedImporter) -> (artifact id: 'f969e4ff4d931092b1e0586f64e5a4d0') in 0.0165498 seconds
Number of updated asset objects reloaded before import = 0Number of asset objects unloaded after import = 1

========================================================================
Received Import Request.
  Time since last request: 0.000031 seconds.
  path: Assets/Street/Resources/Assets/roof05.fbx
  artifactKey: Guid(72835752075ac8d48b519756c0ae4b16) Importer(2089858483,192608db42251d675da83286b1cce702)
Start importing Assets/Street/Resources/Assets/roof05.fbx using Guid(72835752075ac8d48b519756c0ae4b16) Importer(2089858483,192608db42251d675da83286b1cce702) (ScriptedImporter) -> (artifact id: '99af39e4c96c02c32b68b2b3a9713e97') in 0.8249444 seconds
Number of updated asset objects reloaded before import = 0Number of asset objects unloaded after import = 678

========================================================================
Received Import Request.
  Time since last request: 0.000023 seconds.
  path: Assets/Street/Resources/Assets/Pictures/TejadoBlock03_1.jpg
  artifactKey: Guid(60853ed02602d5c4db4440757a1bf114) Importer(2089858483,192608db42251d675da83286b1cce702)
Start importing Assets/Street/Resources/Assets/Pictures/TejadoBlock03_1.jpg using Guid(60853ed02602d5c4db4440757a1bf114) Importer(2089858483,192608db42251d675da83286b1cce702) (ScriptedImporter) -> (artifact id: 'b75adb2ff2d5bd33b75b03c41a053850') in 0.0384768 seconds
Number of updated asset objects reloaded before import = 0Number of asset objects unloaded after import = 1

========================================================================
Received Import Request.
  Time since last request: 0.000029 seconds.
  path: Assets/Street/Resources/Assets/Pictures/TejadoBloque4_1.jpg
  artifactKey: Guid(1d884c1c4bd890640a89d4b6413aae76) Importer(2089858483,192608db42251d675da83286b1cce702)
Start importing Assets/Street/Resources/Assets/Pictures/TejadoBloque4_1.jpg using Guid(1d884c1c4bd890640a89d4b6413aae76) Importer(2089858483,192608db42251d675da83286b1cce702) (ScriptedImporter) -> (artifact id: 'eecf0655928b235fea1cca0390559cfc') in 0.183288 seconds
Number of updated asset objects reloaded before import = 0Number of asset objects unloaded after import = 1

========================================================================
Received Import Request.
  Time since last request: 0.000020 seconds.
  path: Assets/Street/Resources/Assets/Materials/TejadoBlock05_0.mat
  artifactKey: Guid(8947a6a2e50bd37478a781e77891692a) Importer(2089858483,192608db42251d675da83286b1cce702)
Start importing Assets/Street/Resources/Assets/Materials/TejadoBlock05_0.mat using Guid(8947a6a2e50bd37478a781e77891692a) Importer(2089858483,192608db42251d675da83286b1cce702) (ScriptedImporter) -> (artifact id: '3702530dabb7dc45cd81e5a459b55ba2') in 0.2782217 seconds
Number of updated asset objects reloaded before import = 0Number of asset objects unloaded after import = 3

========================================================================
Received Import Request.
  Time since last request: 0.000027 seconds.
  path: Assets/Street/Resources/Assets/Materials/BigAdvertising-M_metal05.mat
  artifactKey: Guid(77776669cc39353438831525b55a19c5) Importer(2089858483,192608db42251d675da83286b1cce702)
Start importing Assets/Street/Resources/Assets/Materials/BigAdvertising-M_metal05.mat using Guid(77776669cc39353438831525b55a19c5) Importer(2089858483,192608db42251d675da83286b1cce702) (ScriptedImporter) -> (artifact id: '9164687efb632ccddd0addcbf8ced4ad') in 0.0326867 seconds
Number of updated asset objects reloaded before import = 0Number of asset objects unloaded after import = 3

========================================================================
Received Import Request.
  Time since last request: 0.000017 seconds.
  path: Assets/People/regina@Walking.fbm/Regina_Shoes_Diffuse.png
  artifactKey: Guid(bb2f59bfbcf6bd54c862f4cafd4661a2) Importer(2089858483,192608db42251d675da83286b1cce702)
Start importing Assets/People/regina@Walking.fbm/Regina_Shoes_Diffuse.png using Guid(bb2f59bfbcf6bd54c862f4cafd4661a2) Importer(2089858483,192608db42251d675da83286b1cce702) (ScriptedImporter) -> (artifact id: '2f7ecdf2c9c0cec4f8a40df495417ee9') in 0.0512972 seconds
Number of updated asset objects reloaded before import = 0Number of asset objects unloaded after import = 1

========================================================================
Received Import Request.
  Time since last request: 0.000016 seconds.
  path: Assets/People/Materials/Male_2_Shoes_Diffuse.mat
  artifactKey: Guid(9a92eca210e2e440f93db9726397e5b8) Importer(2089858483,192608db42251d675da83286b1cce702)
Start importing Assets/People/Materials/Male_2_Shoes_Diffuse.mat using Guid(9a92eca210e2e440f93db9726397e5b8) Importer(2089858483,192608db42251d675da83286b1cce702) (ScriptedImporter) -> (artifact id: '704e4eb1275bee962d2a02417b52fab5') in 0.0806683 seconds
Number of updated asset objects reloaded before import = 0Number of asset objects unloaded after import = 4

========================================================================
Received Import Request.
  Time since last request: 0.000024 seconds.
  path: Assets/People/Materials/Girl_3_Body_Diffuse.mat
  artifactKey: Guid(e5fdad638f07848ba85b19fc48cf9541) Importer(2089858483,192608db42251d675da83286b1cce702)
Start importing Assets/People/Materials/Girl_3_Body_Diffuse.mat using Guid(e5fdad638f07848ba85b19fc48cf9541) Importer(2089858483,192608db42251d675da83286b1cce702) (ScriptedImporter) -> (artifact id: 'a753a397d2cb77df959b99429e527277') in 0.0134876 seconds
Number of updated asset objects reloaded before import = 0Number of asset objects unloaded after import = 4

========================================================================
Received Import Request.
  Time since last request: 0.000025 seconds.
  path: Assets/People/regina@Dwarf Idle.fbm/Regina_Hat_Normal.png
  artifactKey: Guid(f25760d88478c49e68646713fefe0c0e) Importer(2089858483,192608db42251d675da83286b1cce702)
Start importing Assets/People/regina@Dwarf Idle.fbm/Regina_Hat_Normal.png using Guid(f25760d88478c49e68646713fefe0c0e) Importer(2089858483,192608db42251d675da83286b1cce702) (ScriptedImporter) -> (artifact id: '38e55329225f1ecbaf4773729136681b') in 0.3246625 seconds
Number of updated asset objects reloaded before import = 0Number of asset objects unloaded after import = 1

========================================================================
Received Import Request.
  Time since last request: 0.000022 seconds.
  path: Assets/StarterAssets/Settings/Ultra_PipelineAsset.asset
  artifactKey: Guid(8b79b977e86dc420c9a4b7b6c05a74a8) Importer(2089858483,192608db42251d675da83286b1cce702)
Start importing Assets/StarterAssets/Settings/Ultra_PipelineAsset.asset using Guid(8b79b977e86dc420c9a4b7b6c05a74a8) Importer(2089858483,192608db42251d675da83286b1cce702) (ScriptedImporter) -> (artifact id: '4e3306abdd94a29da1fd02dc8db6fc79') in 0.1027194 seconds
Number of updated asset objects reloaded before import = 0Number of asset objects unloaded after import = 2

========================================================================
Received Import Request.
  Time since last request: 0.000029 seconds.
  path: Assets/People/Male_1.fbm/Male_1_Body_Opacity.png
  artifactKey: Guid(11b576779bfa749d9832a4473023640b) Importer(2089858483,192608db42251d675da83286b1cce702)
Start importing Assets/People/Male_1.fbm/Male_1_Body_Opacity.png using Guid(11b576779bfa749d9832a4473023640b) Importer(2089858483,192608db42251d675da83286b1cce702) (ScriptedImporter) -> (artifact id: 'f97481a8a875499cb1278b89a54e5604') in 0.1126408 seconds
Number of updated asset objects reloaded before import = 0Number of asset objects unloaded after import = 1

========================================================================
Received Import Request.
  Time since last request: 0.000017 seconds.
  path: Assets/Street/Resources/Assets/Pictures/TejadoBloque3_2.jpg
  artifactKey: Guid(98dda59e832b1c0419f915009c83a466) Importer(2089858483,192608db42251d675da83286b1cce702)
Start importing Assets/Street/Resources/Assets/Pictures/TejadoBloque3_2.jpg using Guid(98dda59e832b1c0419f915009c83a466) Importer(2089858483,192608db42251d675da83286b1cce702) (ScriptedImporter) -> (artifact id: '4b736c3cee027f1c0e72855a234e99ad') in 0.013877 seconds
Number of updated asset objects reloaded before import = 0Number of asset objects unloaded after import = 1

========================================================================
Received Import Request.
  Time since last request: 0.000019 seconds.
  path: Assets/Street/Resources/Assets/Materials/semaforo-flatiron_bake_result33.mat
  artifactKey: Guid(a53a77f188e650c42bf36c10e4209503) Importer(2089858483,192608db42251d675da83286b1cce702)
Start importing Assets/Street/Resources/Assets/Materials/semaforo-flatiron_bake_result33.mat using Guid(a53a77f188e650c42bf36c10e4209503) Importer(2089858483,192608db42251d675da83286b1cce702) (ScriptedImporter) -> (artifact id: '0ea4931468da0ad7b8e53b1c793162bd') in 0.1330474 seconds
Number of updated asset objects reloaded before import = 0Number of asset objects unloaded after import = 2

========================================================================
Received Import Request.
  Time since last request: 0.000019 seconds.
  path: Assets/People/Girl_3.fbm/Girl_3_Bottom_Normal.png
  artifactKey: Guid(5f863d0dd7f344655b5ec0bd8b3c31e2) Importer(2089858483,192608db42251d675da83286b1cce702)
Start importing Assets/People/Girl_3.fbm/Girl_3_Bottom_Normal.png using Guid(5f863d0dd7f344655b5ec0bd8b3c31e2) Importer(2089858483,192608db42251d675da83286b1cce702) (ScriptedImporter) -> (artifact id: '4d16734a28ee6add9be2933753890db3') in 0.0150064 seconds
Number of updated asset objects reloaded before import = 0Number of asset objects unloaded after import = 1

========================================================================
Received Import Request.
  Time since last request: 0.137799 seconds.
  path: Assets/People/Girl_2.fbm/Girl_2_Body_Normal.png
  artifactKey: Guid(9e27b96b3b2924b7aabe227efd4e7eba) Importer(2089858483,192608db42251d675da83286b1cce702)
Start importing Assets/People/Girl_2.fbm/Girl_2_Body_Normal.png using Guid(9e27b96b3b2924b7aabe227efd4e7eba) Importer(2089858483,192608db42251d675da83286b1cce702) (ScriptedImporter) -> (artifact id: '79c2b42f3268724b4cee75f2df6a991a') in 0.01693 seconds
Number of updated asset objects reloaded before import = 0Number of asset objects unloaded after import = 1

========================================================================
Received Import Request.
  Time since last request: 0.000023 seconds.
  path: Assets/People/regina@Running.fbm/Regina_Top_Opacity.png
  artifactKey: Guid(d7acb2b0af99b4e43a44a6ba630f81af) Importer(2089858483,192608db42251d675da83286b1cce702)
Start importing Assets/People/regina@Running.fbm/Regina_Top_Opacity.png using Guid(d7acb2b0af99b4e43a44a6ba630f81af) Importer(2089858483,192608db42251d675da83286b1cce702) (ScriptedImporter) -> (artifact id: '52de9c22d93d71ca43da3ffcb12bff08') in 0.0147929 seconds
Number of updated asset objects reloaded before import = 0Number of asset objects unloaded after import = 1

========================================================================
Received Import Request.
  Time since last request: 0.000031 seconds.
  path: Assets/Street/Resources/Assets/Materials/periodico.mat
  artifactKey: Guid(a4ab450384a6c8b45a27ef7a280c7a70) Importer(2089858483,192608db42251d675da83286b1cce702)
Start importing Assets/Street/Resources/Assets/Materials/periodico.mat using Guid(a4ab450384a6c8b45a27ef7a280c7a70) Importer(2089858483,192608db42251d675da83286b1cce702) (ScriptedImporter) -> (artifact id: 'f0977e20af66c147effa13f568e401f0') in 0.0125163 seconds
Number of updated asset objects reloaded before import = 0Number of asset objects unloaded after import = 2

========================================================================
Received Import Request.
  Time since last request: 0.000034 seconds.
  path: Assets/Street/Resources/Assets/Materials/cartelBlock04.mat
  artifactKey: Guid(37e41c0cce4888547999f2fdb61ab441) Importer(2089858483,192608db42251d675da83286b1cce702)
Start importing Assets/Street/Resources/Assets/Materials/cartelBlock04.mat using Guid(37e41c0cce4888547999f2fdb61ab441) Importer(2089858483,192608db42251d675da83286b1cce702) (ScriptedImporter) -> (artifact id: 'f5d21bc190e3dee66763480623d87af8') in 0.1380006 seconds
Number of updated asset objects reloaded before import = 0Number of asset objects unloaded after import = 3

========================================================================
Received Import Request.
  Time since last request: 0.000022 seconds.
  path: Assets/Street/Resources/Assets/Materials/Shops0052_Spaz_02.mat
  artifactKey: Guid(c9ac5357237dab44a9f8556ec3e3db02) Importer(2089858483,192608db42251d675da83286b1cce702)
Start importing Assets/Street/Resources/Assets/Materials/Shops0052_Spaz_02.mat using Guid(c9ac5357237dab44a9f8556ec3e3db02) Importer(2089858483,192608db42251d675da83286b1cce702) (ScriptedImporter) -> (artifact id: 'f8158ff7f978f8b93ee43edcb6fba6d9') in 0.0739748 seconds
Number of updated asset objects reloaded before import = 0Number of asset objects unloaded after import = 3

========================================================================
Received Import Request.
  Time since last request: 0.044215 seconds.
  path: Assets/People/Girl_1.fbm/Girl_1_Body_Opacity.png
  artifactKey: Guid(bcdbf42ac168941d9813795bf1fb156a) Importer(2089858483,192608db42251d675da83286b1cce702)
Start importing Assets/People/Girl_1.fbm/Girl_1_Body_Opacity.png using Guid(bcdbf42ac168941d9813795bf1fb156a) Importer(2089858483,192608db42251d675da83286b1cce702) (ScriptedImporter) -> (artifact id: '7f6e83293db0ba551ab3f56648abd13e') in 0.1761473 seconds
Number of updated asset objects reloaded before import = 0Number of asset objects unloaded after import = 1

========================================================================
Received Import Request.
  Time since last request: 0.000024 seconds.
  path: Assets/People/Girl_4.fbm/Girl_4_Body_Opacity.png
  artifactKey: Guid(463336abb3b034bfdb56825fc704fb70) Importer(2089858483,192608db42251d675da83286b1cce702)
Start importing Assets/People/Girl_4.fbm/Girl_4_Body_Opacity.png using Guid(463336abb3b034bfdb56825fc704fb70) Importer(2089858483,192608db42251d675da83286b1cce702) (ScriptedImporter) -> (artifact id: 'e59b1d781f10e0a0f98afba1b8969daf') in 0.039536 seconds
Number of updated asset objects reloaded before import = 0Number of asset objects unloaded after import = 1

========================================================================
Received Import Request.
  Time since last request: 0.000033 seconds.
  path: Assets/Street/Resources/Assets/Pictures/TejadoAssetBlock01_2.jpg
  artifactKey: Guid(51cb1a80b3e9cf344920100e93468c65) Importer(2089858483,192608db42251d675da83286b1cce702)
Start importing Assets/Street/Resources/Assets/Pictures/TejadoAssetBlock01_2.jpg using Guid(51cb1a80b3e9cf344920100e93468c65) Importer(2089858483,192608db42251d675da83286b1cce702) (ScriptedImporter) -> (artifact id: '5245edd696006d0efe19febb186009b7') in 0.0178652 seconds
Number of updated asset objects reloaded before import = 0Number of asset objects unloaded after import = 1

========================================================================
Received Import Request.
  Time since last request: 0.000019 seconds.
  path: Assets/People/Girl_3.fbm
  artifactKey: Guid(bff27ea6fb2c74d8f90226ad796031ab) Importer(2089858483,192608db42251d675da83286b1cce702)
Start importing Assets/People/Girl_3.fbm using Guid(bff27ea6fb2c74d8f90226ad796031ab) Importer(2089858483,192608db42251d675da83286b1cce702) (ScriptedImporter) -> (artifact id: '356f973ff7614a17578dc59b1f6e81e7') in 0.0094203 seconds
Number of updated asset objects reloaded before import = 0Number of asset objects unloaded after import = 1

========================================================================
Received Import Request.
  Time since last request: 0.102015 seconds.
  path: Assets/Street/Resources/Assets/Materials/Trafficlight-flatiron_bake_result43.mat
  artifactKey: Guid(5b46e527254c9ab48a2c0d1d5709f4d7) Importer(2089858483,192608db42251d675da83286b1cce702)
Start importing Assets/Street/Resources/Assets/Materials/Trafficlight-flatiron_bake_result43.mat using Guid(5b46e527254c9ab48a2c0d1d5709f4d7) Importer(2089858483,192608db42251d675da83286b1cce702) (ScriptedImporter) -> (artifact id: '8059aba41307adb026d0166349d23f6f') in 0.0111812 seconds
Number of updated asset objects reloaded before import = 0Number of asset objects unloaded after import = 3

========================================================================
Received Import Request.
  Time since last request: 0.000019 seconds.
  path: Assets/People/regina@Walking.fbm/Regina_Top_Normal.png
  artifactKey: Guid(0af59b68a678f234d99b657fc65e1f68) Importer(2089858483,192608db42251d675da83286b1cce702)
Start importing Assets/People/regina@Walking.fbm/Regina_Top_Normal.png using Guid(0af59b68a678f234d99b657fc65e1f68) Importer(2089858483,192608db42251d675da83286b1cce702) (ScriptedImporter) -> (artifact id: '44172e71764719bfd7dd875b9a22e16d') in 0.031311 seconds
Number of updated asset objects reloaded before import = 0Number of asset objects unloaded after import = 1

========================================================================
Received Import Request.
  Time since last request: 0.000034 seconds.
  path: Assets/People/Materials/Girl_5_Top_Diffuse.mat
  artifactKey: Guid(2fd5ecd5ab01240a8b4f4fb01085a088) Importer(2089858483,192608db42251d675da83286b1cce702)
Start importing Assets/People/Materials/Girl_5_Top_Diffuse.mat using Guid(2fd5ecd5ab01240a8b4f4fb01085a088) Importer(2089858483,192608db42251d675da83286b1cce702) (ScriptedImporter) -> (artifact id: 'cd47ca776c4ca4f66cfa736a17a4fa48') in 0.0134231 seconds
Number of updated asset objects reloaded before import = 0Number of asset objects unloaded after import = 4

========================================================================
Received Import Request.
  Time since last request: 0.000017 seconds.
  path: Assets/Street/Resources/Assets/Materials/Trafficlight-flatiron_bake_result25.mat
  artifactKey: Guid(d771d3299c55df34f8a302a5c77a2c94) Importer(2089858483,192608db42251d675da83286b1cce702)
Start importing Assets/Street/Resources/Assets/Materials/Trafficlight-flatiron_bake_result25.mat using Guid(d771d3299c55df34f8a302a5c77a2c94) Importer(2089858483,192608db42251d675da83286b1cce702) (ScriptedImporter) -> (artifact id: '9130f14e330c48c3686cfb180ec80940') in 0.0134273 seconds
Number of updated asset objects reloaded before import = 0Number of asset objects unloaded after import = 3

========================================================================
Received Import Request.
  Time since last request: 0.000020 seconds.
  path: Assets/Street/Resources/Assets/Pictures/TejadoBloque6_3.jpg
  artifactKey: Guid(389ccf7dc3ab52d46a26c9a3a9ee7879) Importer(2089858483,192608db42251d675da83286b1cce702)
Start importing Assets/Street/Resources/Assets/Pictures/TejadoBloque6_3.jpg using Guid(389ccf7dc3ab52d46a26c9a3a9ee7879) Importer(2089858483,192608db42251d675da83286b1cce702) (ScriptedImporter) -> (artifact id: 'f95f18011687139d61619e6bef0fdeba') in 0.01607 seconds
Number of updated asset objects reloaded before import = 0Number of asset objects unloaded after import = 1

========================================================================
Received Import Request.
  Time since last request: 0.000021 seconds.
  path: Assets/People/Materials/Girl_1_Bottom_Diffuse.mat
  artifactKey: Guid(254e19b5a683d4b708c2dcd074ccce5d) Importer(2089858483,192608db42251d675da83286b1cce702)
Start importing Assets/People/Materials/Girl_1_Bottom_Diffuse.mat using Guid(254e19b5a683d4b708c2dcd074ccce5d) Importer(2089858483,192608db42251d675da83286b1cce702) (ScriptedImporter) -> (artifact id: '6489ffdf8f4014266b029f104ae37110') in 0.011697 seconds
Number of updated asset objects reloaded before import = 0Number of asset objects unloaded after import = 4

========================================================================
Received Import Request.
  Time since last request: 0.173686 seconds.
  path: Assets/People/regina@Dwarf Idle.fbm/Regina_Bottom_Gloss.png
  artifactKey: Guid(3bff06c02ca424ae0afbae23beb4fd79) Importer(2089858483,192608db42251d675da83286b1cce702)
Start importing Assets/People/regina@Dwarf Idle.fbm/Regina_Bottom_Gloss.png using Guid(3bff06c02ca424ae0afbae23beb4fd79) Importer(2089858483,192608db42251d675da83286b1cce702) (ScriptedImporter) -> (artifact id: '805a0b982251171b4eb49c3652bec1fd') in 0.058757 seconds
Number of updated asset objects reloaded before import = 0Number of asset objects unloaded after import = 1

========================================================================
Received Import Request.
  Time since last request: 0.000040 seconds.
  path: Assets/People/regina@Running.fbm/Regina_Bottom_Normal.png
  artifactKey: Guid(3f2ef52124bf840ee92bfd7e164cd112) Importer(2089858483,192608db42251d675da83286b1cce702)
Start importing Assets/People/regina@Running.fbm/Regina_Bottom_Normal.png using Guid(3f2ef52124bf840ee92bfd7e164cd112) Importer(2089858483,192608db42251d675da83286b1cce702) (ScriptedImporter) -> (artifact id: '9950ad1e3460a0f1f83d059fde5d0a8e') in 0.0490315 seconds
Number of updated asset objects reloaded before import = 0Number of asset objects unloaded after import = 1

========================================================================
Received Import Request.
  Time since last request: 0.000033 seconds.
  path: Assets/Street/Resources/Assets/Materials/Tejado01Block01_0.mat
  artifactKey: Guid(00875305f8c584c4ab4639dc913fd410) Importer(2089858483,192608db42251d675da83286b1cce702)
Start importing Assets/Street/Resources/Assets/Materials/Tejado01Block01_0.mat using Guid(00875305f8c584c4ab4639dc913fd410) Importer(2089858483,192608db42251d675da83286b1cce702) (ScriptedImporter) -> (artifact id: '4aef7515d1d893df47cc90d086c7cdb7') in 0.0348251 seconds
Number of updated asset objects reloaded before import = 0Number of asset objects unloaded after import = 3

========================================================================
Received Import Request.
  Time since last request: 0.000019 seconds.
  path: Assets/Street/Resources/Assets/Materials/BuildingsHighRise0308_2_L.mat
  artifactKey: Guid(4163eed1be5797e43a547d5f484f42a3) Importer(2089858483,192608db42251d675da83286b1cce702)
Start importing Assets/Street/Resources/Assets/Materials/BuildingsHighRise0308_2_L.mat using Guid(4163eed1be5797e43a547d5f484f42a3) Importer(2089858483,192608db42251d675da83286b1cce702) (ScriptedImporter) -> (artifact id: 'fa85f86c00a10978142b71ebc21a65e1') in 0.0387444 seconds
Number of updated asset objects reloaded before import = 0Number of asset objects unloaded after import = 3

========================================================================
Received Import Request.
  Time since last request: 0.000023 seconds.
  path: Assets/People/Materials/Male_1_Top_Diffuse.mat
  artifactKey: Guid(0b5eb6dbc47bb4d67896add816a12898) Importer(2089858483,192608db42251d675da83286b1cce702)
Start importing Assets/People/Materials/Male_1_Top_Diffuse.mat using Guid(0b5eb6dbc47bb4d67896add816a12898) Importer(2089858483,192608db42251d675da83286b1cce702) (ScriptedImporter) -> (artifact id: 'db26c75a64709502603ebf561dd9cb1b') in 0.0162817 seconds
Number of updated asset objects reloaded before import = 0Number of asset objects unloaded after import = 4

========================================================================
Received Import Request.
  Time since last request: 0.000028 seconds.
  path: Assets/Street/Resources/Assets/Materials/Light Flares/50mm Zoom.flare
  artifactKey: Guid(54fbbf098d116effa00081aba8ad6659) Importer(2089858483,192608db42251d675da83286b1cce702)
Start importing Assets/Street/Resources/Assets/Materials/Light Flares/50mm Zoom.flare using Guid(54fbbf098d116effa00081aba8ad6659) Importer(2089858483,192608db42251d675da83286b1cce702) (ScriptedImporter) -> (artifact id: '3d82ca4eb2c1040e96cdfaf0c4aee2bb') in 0.0716686 seconds
Number of updated asset objects reloaded before import = 0Number of asset objects unloaded after import = 2

========================================================================
Received Import Request.
  Time since last request: 0.000034 seconds.
  path: Assets/People/Male_1.fbm/Male_1_Shoes_Specular.png
  artifactKey: Guid(877de2f9d0a6f4f1084c8068acd85d82) Importer(2089858483,192608db42251d675da83286b1cce702)
Start importing Assets/People/Male_1.fbm/Male_1_Shoes_Specular.png using Guid(877de2f9d0a6f4f1084c8068acd85d82) Importer(2089858483,192608db42251d675da83286b1cce702) (ScriptedImporter) -> (artifact id: '82d665bd04bb27ca7cd221077d405741') in 0.0366382 seconds
Number of updated asset objects reloaded before import = 0Number of asset objects unloaded after import = 1

========================================================================
Received Import Request.
  Time since last request: 0.000023 seconds.
  path: Assets/Street/Resources/Assets/Materials/TejadoBloque8_1.mat
  artifactKey: Guid(25b376c462ed30440b1ed394ca8df900) Importer(2089858483,192608db42251d675da83286b1cce702)
Start importing Assets/Street/Resources/Assets/Materials/TejadoBloque8_1.mat using Guid(25b376c462ed30440b1ed394ca8df900) Importer(2089858483,192608db42251d675da83286b1cce702) (ScriptedImporter) -> (artifact id: '1d34cb1dc3eff1773eb2be80880ba9df') in 0.0463875 seconds
Number of updated asset objects reloaded before import = 0Number of asset objects unloaded after import = 3

========================================================================
Received Import Request.
  Time since last request: 0.000032 seconds.
  path: Assets/People/Materials/Brutius_Body_Diffuse.mat
  artifactKey: Guid(a3bdcb5f6bb0d40eab93a329156a7df1) Importer(2089858483,192608db42251d675da83286b1cce702)
Start importing Assets/People/Materials/Brutius_Body_Diffuse.mat using Guid(a3bdcb5f6bb0d40eab93a329156a7df1) Importer(2089858483,192608db42251d675da83286b1cce702) (ScriptedImporter) -> (artifact id: 'd30d0d83e87ceb58cb9e5987e988bf13') in 0.0134257 seconds
Number of updated asset objects reloaded before import = 0Number of asset objects unloaded after import = 4

========================================================================
Received Import Request.
  Time since last request: 0.000028 seconds.
  path: Assets/Street/Resources/Assets/Materials/TejadoBloque3_0.mat
  artifactKey: Guid(4334f8d12c309814ca3059503dab5de4) Importer(2089858483,192608db42251d675da83286b1cce702)
Start importing Assets/Street/Resources/Assets/Materials/TejadoBloque3_0.mat using Guid(4334f8d12c309814ca3059503dab5de4) Importer(2089858483,192608db42251d675da83286b1cce702) (ScriptedImporter) -> (artifact id: 'ce743db6e51ec03a4477eafff48257c3') in 0.0297483 seconds
Number of updated asset objects reloaded before import = 0Number of asset objects unloaded after import = 3

========================================================================
Received Import Request.
  Time since last request: 0.000041 seconds.
  path: Assets/People/FunkeyMonkey.fbm/FunkeyMonkey_Hair_Normal.png
  artifactKey: Guid(dd5a4a6d659b54ad8a044cda13240aa9) Importer(2089858483,192608db42251d675da83286b1cce702)
Start importing Assets/People/FunkeyMonkey.fbm/FunkeyMonkey_Hair_Normal.png using Guid(dd5a4a6d659b54ad8a044cda13240aa9) Importer(2089858483,192608db42251d675da83286b1cce702) (ScriptedImporter) -> (artifact id: '60c2a78b803f4d085a8c6be9a222da84') in 0.030729 seconds
Number of updated asset objects reloaded before import = 0Number of asset objects unloaded after import = 1

========================================================================
Received Import Request.
  Time since last request: 0.000020 seconds.
  path: Assets/People/Girl_2.fbm/Girl_2_Hat_Gloss.png
  artifactKey: Guid(7673724f512d448acb7da876ff743129) Importer(2089858483,192608db42251d675da83286b1cce702)
Start importing Assets/People/Girl_2.fbm/Girl_2_Hat_Gloss.png using Guid(7673724f512d448acb7da876ff743129) Importer(2089858483,192608db42251d675da83286b1cce702) (ScriptedImporter) -> (artifact id: 'ab8e0a9e0e044da7a2aaa2d0b20eed74') in 0.0291603 seconds
Number of updated asset objects reloaded before import = 0Number of asset objects unloaded after import = 1

========================================================================
Received Import Request.
  Time since last request: 0.000019 seconds.
  path: Assets/Street/Resources/Assets/Pictures/TejadoBlock04_4.jpg
  artifactKey: Guid(1e30cc35c3fed834995621c291636adf) Importer(2089858483,192608db42251d675da83286b1cce702)
Start importing Assets/Street/Resources/Assets/Pictures/TejadoBlock04_4.jpg using Guid(1e30cc35c3fed834995621c291636adf) Importer(2089858483,192608db42251d675da83286b1cce702) (ScriptedImporter) -> (artifact id: '0440a3240b4c981bef25ead0221008d3') in 0.016851 seconds
Number of updated asset objects reloaded before import = 0Number of asset objects unloaded after import = 1

========================================================================
Received Import Request.
  Time since last request: 0.000023 seconds.
  path: Assets/Street/Resources/Assets/Pictures/billboard13.jpg
  artifactKey: Guid(0f5e910e43bae674ba8807e765a12473) Importer(2089858483,192608db42251d675da83286b1cce702)
Start importing Assets/Street/Resources/Assets/Pictures/billboard13.jpg using Guid(0f5e910e43bae674ba8807e765a12473) Importer(2089858483,192608db42251d675da83286b1cce702) (ScriptedImporter) -> (artifact id: '0370f3610bbbd97aa14673f731b4a982') in 0.0165978 seconds
Number of updated asset objects reloaded before import = 0Number of asset objects unloaded after import = 1

========================================================================
Received Import Request.
  Time since last request: 0.000051 seconds.
  path: Assets/Street/Resources/Assets/Materials/BuildingsOrnate0116_L.mat
  artifactKey: Guid(2a8a29a2f2a09d1489f17569f2dd8ea4) Importer(2089858483,192608db42251d675da83286b1cce702)
Start importing Assets/Street/Resources/Assets/Materials/BuildingsOrnate0116_L.mat using Guid(2a8a29a2f2a09d1489f17569f2dd8ea4) Importer(2089858483,192608db42251d675da83286b1cce702) (ScriptedImporter) -> (artifact id: '9ba0e4ce11168e1376350a8410e77bf9') in 0.0497405 seconds
Number of updated asset objects reloaded before import = 0Number of asset objects unloaded after import = 3

========================================================================
Received Import Request.
  Time since last request: 0.000027 seconds.
  path: Assets/People/regina@Running.fbm/Regina_Hair_Opacity.png
  artifactKey: Guid(2ea8964706a084fb89b7fff186f1dc40) Importer(2089858483,192608db42251d675da83286b1cce702)
Start importing Assets/People/regina@Running.fbm/Regina_Hair_Opacity.png using Guid(2ea8964706a084fb89b7fff186f1dc40) Importer(2089858483,192608db42251d675da83286b1cce702) (ScriptedImporter) -> (artifact id: '236679fcc60d033f52902cc49703f0db') in 0.01526 seconds
Number of updated asset objects reloaded before import = 0Number of asset objects unloaded after import = 1

========================================================================
Received Import Request.
  Time since last request: 0.000016 seconds.
  path: Assets/StarterAssets/Environment/Art/Skybox/SkyboxLite.mat
  artifactKey: Guid(f6c51332ac7d92541a38fb263b09d2a8) Importer(2089858483,192608db42251d675da83286b1cce702)
Start importing Assets/StarterAssets/Environment/Art/Skybox/SkyboxLite.mat using Guid(f6c51332ac7d92541a38fb263b09d2a8) Importer(2089858483,192608db42251d675da83286b1cce702) (ScriptedImporter) -> (artifact id: 'f34c4f9dd0e792392d8f43f491cb3957') in 0.0316885 seconds
Number of updated asset objects reloaded before import = 0Number of asset objects unloaded after import = 1

========================================================================
Received Import Request.
  Time since last request: 0.000019 seconds.
  path: Assets/People/Girl_4.fbm/Girl_4_Hair_Specular.png
  artifactKey: Guid(0d26257cd41bd4362a89e04a01bd29d9) Importer(2089858483,192608db42251d675da83286b1cce702)
Start importing Assets/People/Girl_4.fbm/Girl_4_Hair_Specular.png using Guid(0d26257cd41bd4362a89e04a01bd29d9) Importer(2089858483,192608db42251d675da83286b1cce702) (ScriptedImporter) -> (artifact id: 'b2008f10f010e9e4f2a5fa363fce38d1') in 0.0575785 seconds
Number of updated asset objects reloaded before import = 0Number of asset objects unloaded after import = 1

========================================================================
Received Import Request.
  Time since last request: 0.000019 seconds.
  path: Assets/Street/Resources/Assets/Materials/semaforo-Material8.mat
  artifactKey: Guid(2d2b53e98b15b3d478d9f851f6454e26) Importer(2089858483,192608db42251d675da83286b1cce702)
Start importing Assets/Street/Resources/Assets/Materials/semaforo-Material8.mat using Guid(2d2b53e98b15b3d478d9f851f6454e26) Importer(2089858483,192608db42251d675da83286b1cce702) (ScriptedImporter) -> (artifact id: '3104e283f168588e622add0550ce7b0a') in 0.0156419 seconds
Number of updated asset objects reloaded before import = 0Number of asset objects unloaded after import = 3

========================================================================
Received Import Request.
  Time since last request: 0.000044 seconds.
  path: Assets/People/Materials/Girl_1_Shoes_Diffuse.mat
  artifactKey: Guid(fe87dc20a5f974c6c8071ba2045f3b3c) Importer(2089858483,192608db42251d675da83286b1cce702)
Start importing Assets/People/Materials/Girl_1_Shoes_Diffuse.mat using Guid(fe87dc20a5f974c6c8071ba2045f3b3c) Importer(2089858483,192608db42251d675da83286b1cce702) (ScriptedImporter) -> (artifact id: 'e998c62e76b27405dbb1b7fc47598994') in 0.0145449 seconds
Number of updated asset objects reloaded before import = 0Number of asset objects unloaded after import = 4

========================================================================
Received Import Request.
  Time since last request: 0.000017 seconds.
  path: Assets/Street/Resources/Assets/Pictures/carteles.jpg
  artifactKey: Guid(3a236ba9fb20ef049b1bc02e7c9a128b) Importer(2089858483,192608db42251d675da83286b1cce702)
Start importing Assets/Street/Resources/Assets/Pictures/carteles.jpg using Guid(3a236ba9fb20ef049b1bc02e7c9a128b) Importer(2089858483,192608db42251d675da83286b1cce702) (ScriptedImporter) -> (artifact id: '911aaffb1eaf8cc8a6614d28f888a4b5') in 0.0320739 seconds
Number of updated asset objects reloaded before import = 0Number of asset objects unloaded after import = 1

========================================================================
Received Import Request.
  Time since last request: 0.000022 seconds.
  path: Assets/People/regina@Dwarf Idle.fbm/Regina_Bottom_Diffuse.png
  artifactKey: Guid(7200b493ec2564dbd83a808f84cb81ce) Importer(2089858483,192608db42251d675da83286b1cce702)
Start importing Assets/People/regina@Dwarf Idle.fbm/Regina_Bottom_Diffuse.png using Guid(7200b493ec2564dbd83a808f84cb81ce) Importer(2089858483,192608db42251d675da83286b1cce702) (ScriptedImporter) -> (artifact id: '747869ed56e251f53f2bb9c81f6106a4') in 0.0273963 seconds
Number of updated asset objects reloaded before import = 0Number of asset objects unloaded after import = 1

========================================================================
Received Import Request.
  Time since last request: 0.000021 seconds.
  path: Assets/People/Brutius.fbm/Brutius_Moustache_Opacity.png
  artifactKey: Guid(2f93949bab1c14b4d902f79da23ed31a) Importer(2089858483,192608db42251d675da83286b1cce702)
Start importing Assets/People/Brutius.fbm/Brutius_Moustache_Opacity.png using Guid(2f93949bab1c14b4d902f79da23ed31a) Importer(2089858483,192608db42251d675da83286b1cce702) (ScriptedImporter) -> (artifact id: 'ce8802da849ef8ffc49c28f95146a367') in 0.0337603 seconds
Number of updated asset objects reloaded before import = 0Number of asset objects unloaded after import = 1

========================================================================
Received Import Request.
  Time since last request: 0.000062 seconds.
  path: Assets/Street/Resources/Assets/Materials/carteles.mat
  artifactKey: Guid(e2ebafe4df3896244952686f106b405c) Importer(2089858483,192608db42251d675da83286b1cce702)
Start importing Assets/Street/Resources/Assets/Materials/carteles.mat using Guid(e2ebafe4df3896244952686f106b405c) Importer(2089858483,192608db42251d675da83286b1cce702) (ScriptedImporter) -> (artifact id: '0c4c222480dea4cbcaa17ec0e7a922a7') in 0.0130379 seconds
Number of updated asset objects reloaded before import = 0Number of asset objects unloaded after import = 3

========================================================================
Received Import Request.
  Time since last request: 0.000029 seconds.
  path: Assets/People/Girl_2.fbm/Girl_2_Top_Gloss.png
  artifactKey: Guid(21e0e9db56127479a90b116220a60c20) Importer(2089858483,192608db42251d675da83286b1cce702)
Start importing Assets/People/Girl_2.fbm/Girl_2_Top_Gloss.png using Guid(21e0e9db56127479a90b116220a60c20) Importer(2089858483,192608db42251d675da83286b1cce702) (ScriptedImporter) -> (artifact id: 'c0b81c572393e97eb09e7224e4778c1d') in 0.0415744 seconds
Number of updated asset objects reloaded before import = 0Number of asset objects unloaded after import = 1

========================================================================
Received Import Request.
  Time since last request: 0.000024 seconds.
  path: Assets/People/regina@Dwarf Idle.fbm/Regina_Body_Specular.png
  artifactKey: Guid(b939b2ee843d74092bddac6e9527488b) Importer(2089858483,192608db42251d675da83286b1cce702)
Start importing Assets/People/regina@Dwarf Idle.fbm/Regina_Body_Specular.png using Guid(b939b2ee843d74092bddac6e9527488b) Importer(2089858483,192608db42251d675da83286b1cce702) (ScriptedImporter) -> (artifact id: 'fbd76801aeeb14f37b945bbae22c17b6') in 0.0180393 seconds
Number of updated asset objects reloaded before import = 0Number of asset objects unloaded after import = 1

========================================================================
Received Import Request.
  Time since last request: 0.000021 seconds.
  path: Assets/People/Brutius.fbm/Brutius_Body_Diffuse.png
  artifactKey: Guid(ce723f55055d342feba6e014905485d7) Importer(2089858483,192608db42251d675da83286b1cce702)
Start importing Assets/People/Brutius.fbm/Brutius_Body_Diffuse.png using Guid(ce723f55055d342feba6e014905485d7) Importer(2089858483,192608db42251d675da83286b1cce702) (ScriptedImporter) -> (artifact id: '3953316ee79702ade643eff222950e1c') in 0.0171586 seconds
Number of updated asset objects reloaded before import = 0Number of asset objects unloaded after import = 1

========================================================================
Received Import Request.
  Time since last request: 0.000028 seconds.
  path: Assets/Street/Resources/Assets/Materials/Trafficlight-Material15.mat
  artifactKey: Guid(fb185de671eeb5146a8e7fba28516a21) Importer(2089858483,192608db42251d675da83286b1cce702)
Start importing Assets/Street/Resources/Assets/Materials/Trafficlight-Material15.mat using Guid(fb185de671eeb5146a8e7fba28516a21) Importer(2089858483,192608db42251d675da83286b1cce702) (ScriptedImporter) -> (artifact id: 'e036b5921606b08ae3a9ba6c63cb9790') in 0.0116121 seconds
Number of updated asset objects reloaded before import = 0Number of asset objects unloaded after import = 2

========================================================================
Received Import Request.
  Time since last request: 0.000019 seconds.
  path: Assets/Street/Resources/Assets/Post.fbx
  artifactKey: Guid(b0a6738b7cc71b84d9436f6cf14ef875) Importer(2089858483,192608db42251d675da83286b1cce702)
Start importing Assets/Street/Resources/Assets/Post.fbx using Guid(b0a6738b7cc71b84d9436f6cf14ef875) Importer(2089858483,192608db42251d675da83286b1cce702) (ScriptedImporter) -> (artifact id: '668930bd50d5efcc718236e3c0c2e43f') in 0.0247882 seconds
Number of updated asset objects reloaded before import = 0Number of asset objects unloaded after import = 10

========================================================================
Received Import Request.
  Time since last request: 0.000037 seconds.
  path: Assets/Street/Resources/Assets/roof02.fbx
  artifactKey: Guid(dd2c87eec6ea8fd46b8e52c82e1286df) Importer(2089858483,192608db42251d675da83286b1cce702)
Start importing Assets/Street/Resources/Assets/roof02.fbx using Guid(dd2c87eec6ea8fd46b8e52c82e1286df) Importer(2089858483,192608db42251d675da83286b1cce702) (ScriptedImporter) -> (artifact id: 'a1f9df8d371148687dd9a3360094e8a5') in 0.0452554 seconds
Number of updated asset objects reloaded before import = 0Number of asset objects unloaded after import = 156

========================================================================
Received Import Request.
  Time since last request: 0.000019 seconds.
  path: Assets/People/Girl_5.fbm/Girl_5_Shoes_Opacity.png
  artifactKey: Guid(badb6fcf85a4f4faaba168a83fec386e) Importer(2089858483,192608db42251d675da83286b1cce702)
Start importing Assets/People/Girl_5.fbm/Girl_5_Shoes_Opacity.png using Guid(badb6fcf85a4f4faaba168a83fec386e) Importer(2089858483,192608db42251d675da83286b1cce702) (ScriptedImporter) -> (artifact id: '2205c04326255b98f1e111470e56b601') in 0.0398701 seconds
Number of updated asset objects reloaded before import = 0Number of asset objects unloaded after import = 1

========================================================================
Received Import Request.
  Time since last request: 0.000020 seconds.
  path: Assets/Street/Resources/Assets/Pictures/Tejado01Block01_4.jpg
  artifactKey: Guid(d16d43482fdb9004cbe3104227dcfd8b) Importer(2089858483,192608db42251d675da83286b1cce702)
Start importing Assets/Street/Resources/Assets/Pictures/Tejado01Block01_4.jpg using Guid(d16d43482fdb9004cbe3104227dcfd8b) Importer(2089858483,192608db42251d675da83286b1cce702) (ScriptedImporter) -> (artifact id: '3f440e8012062b56dfb09a9913a0f157') in 0.0172433 seconds
Number of updated asset objects reloaded before import = 0Number of asset objects unloaded after import = 1

========================================================================
Received Import Request.
  Time since last request: 0.000026 seconds.
  path: Assets/People/Male_2.fbx
  artifactKey: Guid(d17591ccdd85147668b58267b3d06f5b) Importer(2089858483,192608db42251d675da83286b1cce702)
Start importing Assets/People/Male_2.fbx using Guid(d17591ccdd85147668b58267b3d06f5b) Importer(2089858483,192608db42251d675da83286b1cce702) (ScriptedImporter) -> (artifact id: 'ad6c5b9330df058d6a77fbc6317174d8') in 0.0935532 seconds
Number of updated asset objects reloaded before import = 0Number of asset objects unloaded after import = 169

========================================================================
Received Import Request.
  Time since last request: 0.000026 seconds.
  path: Assets/People/Materials/Girl_4_Body_Diffuse.mat
  artifactKey: Guid(29e3fab4f790c4da1a68f7bc04d45e33) Importer(2089858483,192608db42251d675da83286b1cce702)
Start importing Assets/People/Materials/Girl_4_Body_Diffuse.mat using Guid(29e3fab4f790c4da1a68f7bc04d45e33) Importer(2089858483,192608db42251d675da83286b1cce702) (ScriptedImporter) -> (artifact id: '40b18c73fb80c5eb6d84e3e14032d8d0') in 0.0365868 seconds
Number of updated asset objects reloaded before import = 0Number of asset objects unloaded after import = 4

========================================================================
Received Import Request.
  Time since last request: 0.000017 seconds.
  path: Assets/People/regina@Walking.fbm/Regina_Hat_Gloss.png
  artifactKey: Guid(c4677de1670907348a6202351b1cd88b) Importer(2089858483,192608db42251d675da83286b1cce702)
Start importing Assets/People/regina@Walking.fbm/Regina_Hat_Gloss.png using Guid(c4677de1670907348a6202351b1cd88b) Importer(2089858483,192608db42251d675da83286b1cce702) (ScriptedImporter) -> (artifact id: 'a77a80e3a44361b48866b8c46c0c3dd9') in 0.0850493 seconds
Number of updated asset objects reloaded before import = 0Number of asset objects unloaded after import = 1

========================================================================
Received Import Request.
  Time since last request: 0.000023 seconds.
  path: Assets/Street/Resources/Assets/Materials/Shops0038_S.mat
  artifactKey: Guid(108861ecaa4fd4d47a8cead256bdf16d) Importer(2089858483,192608db42251d675da83286b1cce702)
Start importing Assets/Street/Resources/Assets/Materials/Shops0038_S.mat using Guid(108861ecaa4fd4d47a8cead256bdf16d) Importer(2089858483,192608db42251d675da83286b1cce702) (ScriptedImporter) -> (artifact id: 'ded0bec1d0089b3d0c158fe89a8b9e28') in 0.0275461 seconds
Number of updated asset objects reloaded before import = 0Number of asset objects unloaded after import = 3

========================================================================
Received Import Request.
  Time since last request: 0.000021 seconds.
  path: Assets/Street/Resources/Assets/Pictures/sign-cocacola2.jpg
  artifactKey: Guid(c79593b5385f4a94dbbbd0da6c0651a6) Importer(2089858483,192608db42251d675da83286b1cce702)
Start importing Assets/Street/Resources/Assets/Pictures/sign-cocacola2.jpg using Guid(c79593b5385f4a94dbbbd0da6c0651a6) Importer(2089858483,192608db42251d675da83286b1cce702) (ScriptedImporter) -> (artifact id: '0d6a53d3066c4256a80003efacbcfbdb') in 0.0821726 seconds
Number of updated asset objects reloaded before import = 0Number of asset objects unloaded after import = 1

========================================================================
Received Import Request.
  Time since last request: 0.000026 seconds.
  path: Assets/People/Materials/Male_2_Hair_Diffuse.mat
  artifactKey: Guid(9295a5eddc8ec4295824690f51f8fe33) Importer(2089858483,192608db42251d675da83286b1cce702)
Start importing Assets/People/Materials/Male_2_Hair_Diffuse.mat using Guid(9295a5eddc8ec4295824690f51f8fe33) Importer(2089858483,192608db42251d675da83286b1cce702) (ScriptedImporter) -> (artifact id: '1177a426b4b467330414318f977782ca') in 0.0483482 seconds
Number of updated asset objects reloaded before import = 0Number of asset objects unloaded after import = 4

========================================================================
Received Import Request.
  Time since last request: 0.000026 seconds.
  path: Assets/Street/Resources/Assets/Pictures/PDPhotos_001.jpg
  artifactKey: Guid(2ad3f71de35e48041851442455813634) Importer(2089858483,192608db42251d675da83286b1cce702)
Start importing Assets/Street/Resources/Assets/Pictures/PDPhotos_001.jpg using Guid(2ad3f71de35e48041851442455813634) Importer(2089858483,192608db42251d675da83286b1cce702) (ScriptedImporter) -> (artifact id: '1adb7f453096333d68a985be8e959eb7') in 0.0159239 seconds
Number of updated asset objects reloaded before import = 0Number of asset objects unloaded after import = 1

========================================================================
Received Import Request.
  Time since last request: 0.000019 seconds.
  path: Assets/People/Girl_2.fbm/Girl_2_Top_Opacity.png
  artifactKey: Guid(4665241e62a4e4565b4d405be22b19cf) Importer(2089858483,192608db42251d675da83286b1cce702)
Start importing Assets/People/Girl_2.fbm/Girl_2_Top_Opacity.png using Guid(4665241e62a4e4565b4d405be22b19cf) Importer(2089858483,192608db42251d675da83286b1cce702) (ScriptedImporter) -> (artifact id: '018e01d70758b27ef23bc20297b1fec1') in 0.0404427 seconds
Number of updated asset objects reloaded before import = 0Number of asset objects unloaded after import = 1

========================================================================
Received Import Request.
  Time since last request: 0.000027 seconds.
  path: Assets/People/Brutius.fbm/Brutius_Moustache_Diffuse.png
  artifactKey: Guid(443741cf5216343a78852bb20a331d8b) Importer(2089858483,192608db42251d675da83286b1cce702)
Start importing Assets/People/Brutius.fbm/Brutius_Moustache_Diffuse.png using Guid(443741cf5216343a78852bb20a331d8b) Importer(2089858483,192608db42251d675da83286b1cce702) (ScriptedImporter) -> (artifact id: 'e5f7a8218a92a9abc614dd973531edd8') in 0.0156395 seconds
Number of updated asset objects reloaded before import = 0Number of asset objects unloaded after import = 1

========================================================================
Received Import Request.
  Time since last request: 0.000032 seconds.
  path: Assets/People/Brutius.fbm/Brutius_Hat_Diffuse.png
  artifactKey: Guid(d3d859e21f9ca4a5a89564fda8f82eaf) Importer(2089858483,192608db42251d675da83286b1cce702)
Start importing Assets/People/Brutius.fbm/Brutius_Hat_Diffuse.png using Guid(d3d859e21f9ca4a5a89564fda8f82eaf) Importer(2089858483,192608db42251d675da83286b1cce702) (ScriptedImporter) -> (artifact id: 'e10d83dca9f4c9ab3bc26eb93247ee57') in 0.0148051 seconds
Number of updated asset objects reloaded before import = 0Number of asset objects unloaded after import = 1

========================================================================
Received Import Request.
  Time since last request: 0.000022 seconds.
  path: Assets/Street/Resources/Trees/BigTree_Textures
  artifactKey: Guid(39a1aa007762447f5b70b551f1346b64) Importer(2089858483,192608db42251d675da83286b1cce702)
Start importing Assets/Street/Resources/Trees/BigTree_Textures using Guid(39a1aa007762447f5b70b551f1346b64) Importer(2089858483,192608db42251d675da83286b1cce702) (ScriptedImporter) -> (artifact id: '267e7352ae5029519b62f2fc4ba990a3') in 0.0110721 seconds
Number of updated asset objects reloaded before import = 0Number of asset objects unloaded after import = 1

========================================================================
Received Import Request.
  Time since last request: 0.000028 seconds.
  path: Assets/Street/Resources/Assets/Materials/Panel00-Billboards.mat
  artifactKey: Guid(2b759a11776646240a455089ba9dafa8) Importer(2089858483,192608db42251d675da83286b1cce702)
Start importing Assets/Street/Resources/Assets/Materials/Panel00-Billboards.mat using Guid(2b759a11776646240a455089ba9dafa8) Importer(2089858483,192608db42251d675da83286b1cce702) (ScriptedImporter) -> (artifact id: '7c868e41313e0de1de042e79c3c24f84') in 0.0108499 seconds
Number of updated asset objects reloaded before import = 0Number of asset objects unloaded after import = 2

========================================================================
Received Import Request.
  Time since last request: 0.000023 seconds.
  path: Assets/People/Girl_4.fbm/Girl_4_Body_Gloss.png
  artifactKey: Guid(c498f23f9e6964754a3bdb5a9e8617c2) Importer(2089858483,192608db42251d675da83286b1cce702)
Start importing Assets/People/Girl_4.fbm/Girl_4_Body_Gloss.png using Guid(c498f23f9e6964754a3bdb5a9e8617c2) Importer(2089858483,192608db42251d675da83286b1cce702) (ScriptedImporter) -> (artifact id: '47cee2f89bd3dabdf442e81fa3c290b9') in 0.0447272 seconds
Number of updated asset objects reloaded before import = 0Number of asset objects unloaded after import = 1

========================================================================
Received Import Request.
  Time since last request: 0.000019 seconds.
  path: Assets/StarterAssets/Mobile/Prefabs/CanvasInputs/UI_Canvas_StarterAssetsInputs_Joysticks.prefab
  artifactKey: Guid(2f7f3dde7ae722a4aafffe20691ad702) Importer(2089858483,192608db42251d675da83286b1cce702)
Start importing Assets/StarterAssets/Mobile/Prefabs/CanvasInputs/UI_Canvas_StarterAssetsInputs_Joysticks.prefab using Guid(2f7f3dde7ae722a4aafffe20691ad702) Importer(2089858483,192608db42251d675da83286b1cce702) (ScriptedImporter) -> (artifact id: '774ab950b0ca90dec70365b26de55a84') in 0.1079259 seconds
Number of updated asset objects reloaded before import = 0Number of asset objects unloaded after import = 61

========================================================================
Received Import Request.
  Time since last request: 0.000031 seconds.
  path: Assets/Street/Resources/Assets/Materials/Skyboxes/Textures/Sunny1
  artifactKey: Guid(adf911598e333434cac2a8e53ce41085) Importer(2089858483,192608db42251d675da83286b1cce702)
Start importing Assets/Street/Resources/Assets/Materials/Skyboxes/Textures/Sunny1 using Guid(adf911598e333434cac2a8e53ce41085) Importer(2089858483,192608db42251d675da83286b1cce702) (ScriptedImporter) -> (artifact id: '7771d085f50df20c157c82972c0ca562') in 0.0092949 seconds
Number of updated asset objects reloaded before import = 0Number of asset objects unloaded after import = 1

========================================================================
Received Import Request.
  Time since last request: 0.000022 seconds.
  path: Assets/Street/Resources/Assets/Pictures/repisa.jpg
  artifactKey: Guid(593dfe30c1c285842ae0b6301151ee48) Importer(2089858483,192608db42251d675da83286b1cce702)
Start importing Assets/Street/Resources/Assets/Pictures/repisa.jpg using Guid(593dfe30c1c285842ae0b6301151ee48) Importer(2089858483,192608db42251d675da83286b1cce702) (ScriptedImporter) -> (artifact id: '0af9d797d48c88bea0eb8a62de26945e') in 0.100886 seconds
Number of updated asset objects reloaded before import = 0Number of asset objects unloaded after import = 1

========================================================================
Received Import Request.
  Time since last request: 0.000019 seconds.
  path: Assets/Street/Resources/Assets/Materials/tejado_1.mat
  artifactKey: Guid(8d9c1458b2b0d184884a47f9b0b781cc) Importer(2089858483,192608db42251d675da83286b1cce702)
Start importing Assets/Street/Resources/Assets/Materials/tejado_1.mat using Guid(8d9c1458b2b0d184884a47f9b0b781cc) Importer(2089858483,192608db42251d675da83286b1cce702) (ScriptedImporter) -> (artifact id: '6daa78f1f8de4f27c9bd36ebe636143f') in 0.0207352 seconds
Number of updated asset objects reloaded before import = 0Number of asset objects unloaded after import = 3

========================================================================
Received Import Request.
  Time since last request: 0.000020 seconds.
  path: Assets/People/FunkeyMonkey.fbx
  artifactKey: Guid(e414cffd20d1c4c9387b91a1d2b20ddf) Importer(2089858483,192608db42251d675da83286b1cce702)
Start importing Assets/People/FunkeyMonkey.fbx using Guid(e414cffd20d1c4c9387b91a1d2b20ddf) Importer(2089858483,192608db42251d675da83286b1cce702) (ScriptedImporter) -> (artifact id: '9a01b91e503ca860477d47f9721df8db') in 0.0463038 seconds
Number of updated asset objects reloaded before import = 0Number of asset objects unloaded after import = 173

========================================================================
Received Import Request.
  Time since last request: 0.000032 seconds.
  path: Assets/Street/Resources/Assets/Materials/Post-flatiron_bake_result42.mat
  artifactKey: Guid(a1457cf5d36c0f041b12033a81a28c40) Importer(2089858483,192608db42251d675da83286b1cce702)
Start importing Assets/Street/Resources/Assets/Materials/Post-flatiron_bake_result42.mat using Guid(a1457cf5d36c0f041b12033a81a28c40) Importer(2089858483,192608db42251d675da83286b1cce702) (ScriptedImporter) -> (artifact id: '9c1ebd9dcdcabadc02b8e0abefccdb6d') in 0.0149464 seconds
Number of updated asset objects reloaded before import = 0Number of asset objects unloaded after import = 3

========================================================================
Received Import Request.
  Time since last request: 0.000016 seconds.
  path: Assets/People/Brutius.fbm/Brutius_Body_Gloss.png
  artifactKey: Guid(57c1b1201aa9e4b6b8742c0f01b8b37f) Importer(2089858483,192608db42251d675da83286b1cce702)
Start importing Assets/People/Brutius.fbm/Brutius_Body_Gloss.png using Guid(57c1b1201aa9e4b6b8742c0f01b8b37f) Importer(2089858483,192608db42251d675da83286b1cce702) (ScriptedImporter) -> (artifact id: 'a659c896c526224ea89d97f2867be3ff') in 0.0376733 seconds
Number of updated asset objects reloaded before import = 0Number of asset objects unloaded after import = 1

========================================================================
Received Import Request.
  Time since last request: 0.000017 seconds.
  path: Assets/People/Girl_4.fbm/Girl_4_Bottom_Specular.png
  artifactKey: Guid(4fda75131c4d74a99bd2a3c5332e2fca) Importer(2089858483,192608db42251d675da83286b1cce702)
Start importing Assets/People/Girl_4.fbm/Girl_4_Bottom_Specular.png using Guid(4fda75131c4d74a99bd2a3c5332e2fca) Importer(2089858483,192608db42251d675da83286b1cce702) (ScriptedImporter) -> (artifact id: 'cfbbd843a5f2f2a2bb2da430e79268c1') in 0.0531212 seconds
Number of updated asset objects reloaded before import = 0Number of asset objects unloaded after import = 1

========================================================================
Received Import Request.
  Time since last request: 0.000023 seconds.
  path: Assets/Street/Resources/Assets/Pictures/TejadoBloque6_2.jpg
  artifactKey: Guid(22c5e0fb325303b448c6e16dbef45b24) Importer(2089858483,192608db42251d675da83286b1cce702)
Start importing Assets/Street/Resources/Assets/Pictures/TejadoBloque6_2.jpg using Guid(22c5e0fb325303b448c6e16dbef45b24) Importer(2089858483,192608db42251d675da83286b1cce702) (ScriptedImporter) -> (artifact id: '4c9982ff06f451dbd129e65a51bc03e2') in 0.0141281 seconds
Number of updated asset objects reloaded before import = 0Number of asset objects unloaded after import = 1

========================================================================
Received Import Request.
  Time since last request: 0.000029 seconds.
  path: Assets/People/Brutius.fbm/Brutius_Body_Normal.png
  artifactKey: Guid(97bf6718209254ccc9c0c6f6d459a13d) Importer(2089858483,192608db42251d675da83286b1cce702)
Start importing Assets/People/Brutius.fbm/Brutius_Body_Normal.png using Guid(97bf6718209254ccc9c0c6f6d459a13d) Importer(2089858483,192608db42251d675da83286b1cce702) (ScriptedImporter) -> (artifact id: '299c4ffcbf09c40804d6c27902a65137') in 0.0177728 seconds
Number of updated asset objects reloaded before import = 0Number of asset objects unloaded after import = 1

========================================================================
Received Import Request.
  Time since last request: 0.000017 seconds.
  path: Assets/Street/Resources/Assets/Pictures/TejadoBloque3_3.jpg
  artifactKey: Guid(f8c6966acd2957d4680aa39364654ed1) Importer(2089858483,192608db42251d675da83286b1cce702)
Start importing Assets/Street/Resources/Assets/Pictures/TejadoBloque3_3.jpg using Guid(f8c6966acd2957d4680aa39364654ed1) Importer(2089858483,192608db42251d675da83286b1cce702) (ScriptedImporter) -> (artifact id: 'e84530591ab8a46ded2dd764f30a771a') in 0.0151002 seconds
Number of updated asset objects reloaded before import = 0Number of asset objects unloaded after import = 1

========================================================================
Received Import Request.
  Time since last request: 0.000027 seconds.
  path: Assets/StarterAssets/Environment/Art/Materials/GridWhite_01_Mat.mat
  artifactKey: Guid(dbf898c9f9c4a2d46aa6336e23caeb61) Importer(2089858483,192608db42251d675da83286b1cce702)
Start importing Assets/StarterAssets/Environment/Art/Materials/GridWhite_01_Mat.mat using Guid(dbf898c9f9c4a2d46aa6336e23caeb61) Importer(2089858483,192608db42251d675da83286b1cce702) (ScriptedImporter) -> (artifact id: '80ed9da9a414576e7ac0285c531dbc67') in 0.0199099 seconds
Number of updated asset objects reloaded before import = 0Number of asset objects unloaded after import = 4

========================================================================
Received Import Request.
  Time since last request: 0.000021 seconds.
  path: Assets/Street/Resources/Assets/Materials/Basket04-flatiron_bake_result38.mat
  artifactKey: Guid(1dfb15f573d465c49bb935dfeffec9b2) Importer(2089858483,192608db42251d675da83286b1cce702)
Start importing Assets/Street/Resources/Assets/Materials/Basket04-flatiron_bake_result38.mat using Guid(1dfb15f573d465c49bb935dfeffec9b2) Importer(2089858483,192608db42251d675da83286b1cce702) (ScriptedImporter) -> (artifact id: '1f5e968a5e41074abf3c34753bacdb61') in 0.0165208 seconds
Number of updated asset objects reloaded before import = 0Number of asset objects unloaded after import = 3

========================================================================
Received Import Request.
  Time since last request: 0.000024 seconds.
  path: Assets/People/Brutius.fbm/Brutius_Top_Specular.png
  artifactKey: Guid(1df64bc7828ae40408bbf933d679438b) Importer(2089858483,192608db42251d675da83286b1cce702)
Start importing Assets/People/Brutius.fbm/Brutius_Top_Specular.png using Guid(1df64bc7828ae40408bbf933d679438b) Importer(2089858483,192608db42251d675da83286b1cce702) (ScriptedImporter) -> (artifact id: '6c5a216464b85a05aee4739d3c2f9bea') in 0.0533247 seconds
Number of updated asset objects reloaded before import = 0Number of asset objects unloaded after import = 1

========================================================================
Received Import Request.
  Time since last request: 0.000027 seconds.
  path: Assets/People/FunkeyMonkey.fbm/FunkeyMonkey_Body_Gloss.png
  artifactKey: Guid(2ce82fb9e8b20413e941ff8a286f5bf2) Importer(2089858483,192608db42251d675da83286b1cce702)
Start importing Assets/People/FunkeyMonkey.fbm/FunkeyMonkey_Body_Gloss.png using Guid(2ce82fb9e8b20413e941ff8a286f5bf2) Importer(2089858483,192608db42251d675da83286b1cce702) (ScriptedImporter) -> (artifact id: '5d6ea235fdc3c9dea044f628b58daeb8') in 0.0284423 seconds
Number of updated asset objects reloaded before import = 0Number of asset objects unloaded after import = 1

========================================================================
Received Import Request.
  Time since last request: 0.000032 seconds.
  path: Assets/StarterAssets/StarterAssets_Documentation_v1.1.pdf
  artifactKey: Guid(1030fbd7379311b47bf5b1178c1c7a26) Importer(2089858483,192608db42251d675da83286b1cce702)
Start importing Assets/StarterAssets/StarterAssets_Documentation_v1.1.pdf using Guid(1030fbd7379311b47bf5b1178c1c7a26) Importer(2089858483,192608db42251d675da83286b1cce702) (ScriptedImporter) -> (artifact id: 'd48ef85e4a487da93d0b808a12c3a600') in 0.0095441 seconds
Number of updated asset objects reloaded before import = 0Number of asset objects unloaded after import = 1

========================================================================
Received Import Request.
  Time since last request: 0.000023 seconds.
  path: Assets/Street/Resources/Assets/Materials/sign-cocacola2.mat
  artifactKey: Guid(4c20910ae00bf36499cda9fd69a1d829) Importer(2089858483,192608db42251d675da83286b1cce702)
Start importing Assets/Street/Resources/Assets/Materials/sign-cocacola2.mat using Guid(4c20910ae00bf36499cda9fd69a1d829) Importer(2089858483,192608db42251d675da83286b1cce702) (ScriptedImporter) -> (artifact id: '184e51aa209a1e5fe6c7404a31c15b7e') in 0.0389208 seconds
Number of updated asset objects reloaded before import = 0Number of asset objects unloaded after import = 3

========================================================================
Received Import Request.
  Time since last request: 0.000016 seconds.
  path: Assets/People/Brutius.fbm/Brutius_Bottom_Specular.png
  artifactKey: Guid(7505b57737c52425c967f4b9e577622d) Importer(2089858483,192608db42251d675da83286b1cce702)
Start importing Assets/People/Brutius.fbm/Brutius_Bottom_Specular.png using Guid(7505b57737c52425c967f4b9e577622d) Importer(2089858483,192608db42251d675da83286b1cce702) (ScriptedImporter) -> (artifact id: '2880f1a91852499000b7084fa2ee5ec4') in 0.0982253 seconds
Number of updated asset objects reloaded before import = 0Number of asset objects unloaded after import = 1

========================================================================
Received Import Request.
  Time since last request: 0.000022 seconds.
  path: Assets/Street/Resources/Assets/Pictures/TejadoBloque3_4.jpg
  artifactKey: Guid(0952d4e82f3bb5949a9f46bd73c04cf2) Importer(2089858483,192608db42251d675da83286b1cce702)
Start importing Assets/Street/Resources/Assets/Pictures/TejadoBloque3_4.jpg using Guid(0952d4e82f3bb5949a9f46bd73c04cf2) Importer(2089858483,192608db42251d675da83286b1cce702) (ScriptedImporter) -> (artifact id: '021f1983ed7d22e14f917f255d046b9e') in 0.0155973 seconds
Number of updated asset objects reloaded before import = 0Number of asset objects unloaded after import = 1

========================================================================
Received Import Request.
  Time since last request: 0.000032 seconds.
  path: Assets/Street/Resources/Assets/Pictures/farola.jpg
  artifactKey: Guid(325ced66dcc819a438e796471730a1a8) Importer(2089858483,192608db42251d675da83286b1cce702)
Start importing Assets/Street/Resources/Assets/Pictures/farola.jpg using Guid(325ced66dcc819a438e796471730a1a8) Importer(2089858483,192608db42251d675da83286b1cce702) (ScriptedImporter) -> (artifact id: '8ec22dc557aa7c036bffaa31d2a180ac') in 0.0180098 seconds
Number of updated asset objects reloaded before import = 0Number of asset objects unloaded after import = 1

========================================================================
Received Import Request.
  Time since last request: 0.000023 seconds.
  path: Assets/People/Male_3.fbm/Male_3_Beard_Gloss.png
  artifactKey: Guid(2a9799314faec44aca4c2eb908be2cb6) Importer(2089858483,192608db42251d675da83286b1cce702)
Start importing Assets/People/Male_3.fbm/Male_3_Beard_Gloss.png using Guid(2a9799314faec44aca4c2eb908be2cb6) Importer(2089858483,192608db42251d675da83286b1cce702) (ScriptedImporter) -> (artifact id: '9d66dd53d6543cb180277cbf764c7fbe') in 0.0437153 seconds
Number of updated asset objects reloaded before import = 0Number of asset objects unloaded after import = 1

========================================================================
Received Import Request.
  Time since last request: 0.000017 seconds.
  path: Assets/People/Male_3.fbm/Male_3_Bottom_Gloss.png
  artifactKey: Guid(b1a93269a94c84c55867f3680b4a37f0) Importer(2089858483,192608db42251d675da83286b1cce702)
Start importing Assets/People/Male_3.fbm/Male_3_Bottom_Gloss.png using Guid(b1a93269a94c84c55867f3680b4a37f0) Importer(2089858483,192608db42251d675da83286b1cce702) (ScriptedImporter) -> (artifact id: 'f4dfdd3b5c95572834a5e0949036d946') in 0.0388451 seconds
Number of updated asset objects reloaded before import = 0Number of asset objects unloaded after import = 1

========================================================================
Received Import Request.
  Time since last request: 0.000024 seconds.
  path: Assets/People/Girl_3.fbm/Girl_3_Body_Opacity.png
  artifactKey: Guid(ea1b2af13d5224746b3eab8e15e27457) Importer(2089858483,192608db42251d675da83286b1cce702)
Start importing Assets/People/Girl_3.fbm/Girl_3_Body_Opacity.png using Guid(ea1b2af13d5224746b3eab8e15e27457) Importer(2089858483,192608db42251d675da83286b1cce702) (ScriptedImporter) -> (artifact id: 'cf718590073fcdb8dc56cabda9b7510a') in 0.0420612 seconds
Number of updated asset objects reloaded before import = 0Number of asset objects unloaded after import = 1

========================================================================
Received Import Request.
  Time since last request: 0.000027 seconds.
  path: Assets/StarterAssets/Environment/Art/Materials/GreyBlue_Mat.mat
  artifactKey: Guid(6b911390c5825014e8377183a7837d3f) Importer(2089858483,192608db42251d675da83286b1cce702)
Start importing Assets/StarterAssets/Environment/Art/Materials/GreyBlue_Mat.mat using Guid(6b911390c5825014e8377183a7837d3f) Importer(2089858483,192608db42251d675da83286b1cce702) (ScriptedImporter) -> (artifact id: 'af309b92432006338910b8fc405c9294') in 0.0696692 seconds
Number of updated asset objects reloaded before import = 0Number of asset objects unloaded after import = 1

========================================================================
Received Import Request.
  Time since last request: 0.000019 seconds.
  path: Assets/Street/Resources/Assets/roof07.fbx
  artifactKey: Guid(f6806bac7e6048f4fa49cd463996ac64) Importer(2089858483,192608db42251d675da83286b1cce702)
Start importing Assets/Street/Resources/Assets/roof07.fbx using Guid(f6806bac7e6048f4fa49cd463996ac64) Importer(2089858483,192608db42251d675da83286b1cce702) (ScriptedImporter) -> (artifact id: '18e4b703cc72b072eed8f871262445aa') in 0.1094234 seconds
Number of updated asset objects reloaded before import = 0Number of asset objects unloaded after import = 516

========================================================================
Received Import Request.
  Time since last request: 0.000029 seconds.
  path: Assets/Street/Resources/Trees/Tree00.prefab
  artifactKey: Guid(283746c560beb6145a5409c8e486d6d9) Importer(2089858483,192608db42251d675da83286b1cce702)
Start importing Assets/Street/Resources/Trees/Tree00.prefab using Guid(283746c560beb6145a5409c8e486d6d9) Importer(2089858483,192608db42251d675da83286b1cce702) (ScriptedImporter) -> (artifact id: '29db3a2b08c91b996907285f6fe74cde') in 0.2563874 seconds
Number of updated asset objects reloaded before import = 0Number of asset objects unloaded after import = 16

========================================================================
Received Import Request.
  Time since last request: 0.000026 seconds.
  path: Assets/Street/Resources/Assets/Materials/TejadoBloque8_2.mat
  artifactKey: Guid(8dbd7fbabb795a54396f35aaa47052b3) Importer(2089858483,192608db42251d675da83286b1cce702)
Start importing Assets/Street/Resources/Assets/Materials/TejadoBloque8_2.mat using Guid(8dbd7fbabb795a54396f35aaa47052b3) Importer(2089858483,192608db42251d675da83286b1cce702) (ScriptedImporter) -> (artifact id: 'd799e65c5dc0501ba4befa6a461169dc') in 0.03088 seconds
Number of updated asset objects reloaded before import = 0Number of asset objects unloaded after import = 3

========================================================================
Received Import Request.
  Time since last request: 0.000019 seconds.
  path: Assets/People/Male_3.fbm/Male_3_Top_Specular.png
  artifactKey: Guid(ee81b7d11c7464c3e9891187556d5049) Importer(2089858483,192608db42251d675da83286b1cce702)
Start importing Assets/People/Male_3.fbm/Male_3_Top_Specular.png using Guid(ee81b7d11c7464c3e9891187556d5049) Importer(2089858483,192608db42251d675da83286b1cce702) (ScriptedImporter) -> (artifact id: 'd79edad5c764b29ede1ed241114797eb') in 0.0495647 seconds
Number of updated asset objects reloaded before import = 0Number of asset objects unloaded after import = 1

========================================================================
Received Import Request.
  Time since last request: 0.248614 seconds.
  path: Assets/Street/Resources/Assets/Pictures/TejadoBloque7_3.jpg
  artifactKey: Guid(828df5f207db028458867d89457f48a7) Importer(2089858483,192608db42251d675da83286b1cce702)
Start importing Assets/Street/Resources/Assets/Pictures/TejadoBloque7_3.jpg using Guid(828df5f207db028458867d89457f48a7) Importer(2089858483,192608db42251d675da83286b1cce702) (ScriptedImporter) -> (artifact id: '3bb8ee471af9825f02fcf767baea64a4') in 0.1202886 seconds
Number of updated asset objects reloaded before import = 0Number of asset objects unloaded after import = 1

========================================================================
Received Import Request.
  Time since last request: 0.000033 seconds.
  path: Assets/People/Girl_5.fbm/Girl_5_Top_Specular.png
  artifactKey: Guid(3e68113a9260244dbbbaadb3eaa80ade) Importer(2089858483,192608db42251d675da83286b1cce702)
Start importing Assets/People/Girl_5.fbm/Girl_5_Top_Specular.png using Guid(3e68113a9260244dbbbaadb3eaa80ade) Importer(2089858483,192608db42251d675da83286b1cce702) (ScriptedImporter) -> (artifact id: '65d4c1339dd5ccef35682167a87e6140') in 0.4838997 seconds
Number of updated asset objects reloaded before import = 0Number of asset objects unloaded after import = 1

========================================================================
Received Import Request.
  Time since last request: 0.313718 seconds.
  path: Assets/StarterAssets/Mobile/Prefabs/EventSystem/UI_EventSystem.prefab
  artifactKey: Guid(f0271df749728104eac22c3d897fd8ce) Importer(2089858483,192608db42251d675da83286b1cce702)
Start importing Assets/StarterAssets/Mobile/Prefabs/EventSystem/UI_EventSystem.prefab using Guid(f0271df749728104eac22c3d897fd8ce) Importer(2089858483,192608db42251d675da83286b1cce702) (ScriptedImporter) -> (artifact id: 'fde963d7cb2c80ed90d5c8bca3a9958b') in 0.1508971 seconds
Number of updated asset objects reloaded before import = 0Number of asset objects unloaded after import = 17

========================================================================
Received Import Request.
  Time since last request: 0.000021 seconds.
  path: Assets/People/Materials/Male_3_Top_Diffuse.mat
  artifactKey: Guid(d9965c80d6f054ff1945da6031188eee) Importer(2089858483,192608db42251d675da83286b1cce702)
Start importing Assets/People/Materials/Male_3_Top_Diffuse.mat using Guid(d9965c80d6f054ff1945da6031188eee) Importer(2089858483,192608db42251d675da83286b1cce702) (ScriptedImporter) -> (artifact id: '0fb862e4614f5368c93f5812f526964d') in 0.0124364 seconds
Number of updated asset objects reloaded before import = 0Number of asset objects unloaded after import = 4

========================================================================
Received Import Request.
  Time since last request: 0.258659 seconds.
  path: Assets/People/regina@Dwarf Idle.fbm/Regina_Body_Gloss.png
  artifactKey: Guid(bbd639b6d3dd4465197a551f17518a22) Importer(2089858483,192608db42251d675da83286b1cce702)
Start importing Assets/People/regina@Dwarf Idle.fbm/Regina_Body_Gloss.png using Guid(bbd639b6d3dd4465197a551f17518a22) Importer(2089858483,192608db42251d675da83286b1cce702) (ScriptedImporter) -> (artifact id: 'f01175608299edec1ade80663168fb14') in 0.0150496 seconds
Number of updated asset objects reloaded before import = 0Number of asset objects unloaded after import = 1

========================================================================
Received Import Request.
  Time since last request: 0.447134 seconds.
  path: Assets/People/FunkeyMonkey.fbm/FunkeyMonkey_Bottom_Gloss.png
  artifactKey: Guid(24848d41c049a41c7a0780051964818b) Importer(2089858483,192608db42251d675da83286b1cce702)
Start importing Assets/People/FunkeyMonkey.fbm/FunkeyMonkey_Bottom_Gloss.png using Guid(24848d41c049a41c7a0780051964818b) Importer(2089858483,192608db42251d675da83286b1cce702) (ScriptedImporter) -> (artifact id: '7f525a70e0d77a47e4929c0198ed05ff') in 0.238167 seconds
Number of updated asset objects reloaded before import = 0Number of asset objects unloaded after import = 1

Editor requested this worker to shutdown with reason: Scaling down because of idle timeout
AssetImportWorker is now disconnected from the server
Process exiting
Exiting without the bug reporter. Application will terminate with return code 0